,status_kep_rumah,penghasilan_utm_ayah,penghasilan_tmbh_ayah,penghasilan_utm_ibu,penghasilan_tmbh_ibu,pajak_r2,pajak_r4,daya_listrik,pbb,skor_ukt,ukt_sebelum_sanggah
0,0,0,0,0,0,0.0,0.0,0,0.0,2.65,3.0
1,0,6,0,0,0,3.0,0.0,3,0.0,4.79,4.0
2,1,8,0,0,0,4.0,0.0,3,0.0,5.61,5.0
3,0,0,1,4,1,4.0,0.0,2,0.0,4.81,4.0
4,1,10,0,10,0,2.0,1.0,4,0.0,7.87,7.0
5,1,0,0,10,0,4.0,0.0,2,1.0,5.74,5.0
6,0,7,0,0,0,3.0,0.0,2,0.0,5.14,4.0
7,1,6,0,0,0,4.0,0.0,2,1.0,5.1,4.0
8,0,0,0,7,0,1.0,0.0,1,0.0,4.27,4.0
9,1,5,0,0,0,2.0,0.0,3,1.0,5.1,4.0
10,1,8,0,0,0,2.0,0.0,4,0.0,5.61,5.0
11,1,5,0,8,5,4.0,3.0,0,1.0,6.53,6.0
12,1,11,0,0,0,4.0,2.0,3,0.0,6.91,6.0
13,1,0,0,0,0,4.0,0.0,3,0.0,4.83,4.0
14,0,2,0,0,0,2.0,0.0,4,0.0,4.34,4.0
15,0,9,0,7,0,5.0,4.0,4,0.0,7.8,7.0
16,1,7,0,0,0,4.0,0.0,3,1.0,5.53,5.0
17,1,0,0,9,0,5.0,3.0,4,4.0,7.23,6.0
18,1,7,0,0,6,4.0,0.0,4,0.0,7.52,6.0
19,0,7,0,0,0,1.0,0.0,2,0.0,5.14,4.0
20,1,7,0,0,0,0.0,2.0,5,7.0,6.57,6.0
21,1,7,0,0,0,1.0,0.0,3,0.0,5.57,5.0
22,1,11,0,0,0,2.0,0.0,3,1.0,7.39,6.0
23,1,11,0,10,0,2.0,3.0,4,2.0,10.0,8.0
24,1,7,0,8,0,0.0,0.0,3,0.0,6.18,5.0
25,0,11,0,0,0,2.0,2.0,4,0.0,6.57,6.0
26,1,5,0,0,0,2.0,0.0,2,1.0,4.75,4.0
27,1,7,0,8,0,4.0,2.0,3,3.0,7.88,7.0
28,1,8,0,0,0,6.0,4.0,4,0.0,7.09,6.0
29,1,7,0,0,0,2.0,0.0,3,1.0,5.27,5.0
30,1,10,0,0,0,5.0,2.0,3,0.0,6.91,6.0
31,1,0,0,3,0,3.0,0.0,4,1.0,4.96,4.0
32,0,9,0,0,0,2.0,0.0,2,0.0,5.66,5.0
33,0,7,2,0,0,2.0,0.0,0,0.0,3.94,4.0
34,1,0,0,6,0,2.0,0.0,3,1.0,5.1,4.0
35,1,3,0,9,0,4.0,0.0,3,1.0,6.23,5.0
36,0,6,0,0,0,0.0,0.0,3,0.0,4.7,4.0
37,1,8,0,8,0,4.0,4.0,3,1.0,8.09,7.0
38,1,10,0,0,0,4.0,3.0,3,0.0,7.09,6.0
39,1,6,0,0,0,2.0,3.0,3,1.0,6.31,5.0
40,1,10,0,0,0,2.0,2.0,3,2.0,6.7,6.0
41,0,7,0,0,0,2.0,0.0,2,0.0,4.79,4.0
42,0,7,0,0,0,4.0,0.0,0,0.0,4.18,4.0
43,1,0,0,10,0,3.0,0.0,4,0.0,5.96,5.0
44,1,6,0,0,0,7.0,1.0,1,1.0,5.88,5.0
45,1,9,0,0,0,4.0,2.0,4,2.0,7.1,6.0
46,1,8,0,0,0,4.0,0.0,2,1.0,5.57,5.0
47,1,0,0,6,0,3.0,0.0,3,0.0,5.23,5.0
48,1,12,0,0,0,2.0,0.0,4,2.0,6.04,5.0
49,1,4,0,0,0,2.0,1.0,0,0.0,4.88,4.0
50,0,8,0,0,0,0.0,3.0,8,0.0,6.13,5.0
51,1,7,0,0,0,2.0,0.0,3,1.0,5.44,5.0
52,1,12,0,0,0,3.0,2.0,4,2.0,7.26,6.0
53,0,4,0,0,0,2.0,0.0,3,0.0,4.44,4.0
54,1,7,0,8,0,4.0,1.0,3,0.0,7.49,6.0
55,1,0,0,11,0,6.0,0.0,3,0.0,7.43,6.0
56,1,7,0,0,0,3.0,0.0,3,0.0,5.4,5.0
57,0,6,0,0,0,2.0,0.0,2,0.0,5.14,4.0
58,1,10,0,0,0,4.0,0.0,3,2.0,5.91,5.0
59,1,0,0,9,0,2.0,2.0,4,1.0,6.83,6.0
60,0,7,0,6,0,5.0,0.0,2,0.0,5.71,5.0
61,1,3,0,7,0,5.0,0.0,3,7.0,6.05,5.0
62,0,1,0,6,0,2.0,0.0,2,0.0,10.0,8.0
63,1,6,0,7,0,5.0,0.0,1,0.0,6.19,5.0
64,1,10,0,0,0,5.0,4.0,3,2.0,7.13,6.0
65,1,7,0,7,0,4.0,0.0,3,0.0,6.5,6.0
66,1,0,0,8,0,4.0,0.0,4,1.0,6.0,5.0
67,1,10,0,11,0,1.0,2.0,3,1.0,7.91,7.0
68,1,7,0,0,0,3.0,0.0,3,1.0,7.39,6.0
69,1,8,0,7,0,3.0,0.0,3,0.0,6.62,6.0
70,1,10,0,0,0,2.0,1.0,3,1.0,6.52,6.0
71,1,9,0,0,0,4.0,3.0,4,1.0,7.27,6.0
72,1,9,0,0,0,3.0,3.0,2,1.0,6.83,6.0
73,1,11,0,0,0,3.0,3.0,4,1.0,7.22,6.0
74,1,6,0,0,0,6.0,3.0,3,0.0,6.36,5.0
75,0,9,0,0,0,2.0,0.0,3,0.0,5.31,5.0
76,1,6,0,0,0,5.0,0.0,3,0.0,5.31,5.0
77,1,9,0,8,0,5.0,2.0,0,0.0,7.05,6.0
78,0,0,0,6,0,3.0,0.0,0,0.0,3.92,4.0
79,1,7,0,7,0,0.0,2.0,3,1.0,6.89,6.0
80,0,3,0,3,0,0.0,0.0,0,0.0,5.61,5.0
81,1,7,0,9,0,7.0,0.0,3,6.0,7.23,6.0
82,1,10,0,0,0,3.0,2.0,2,7.0,6.87,6.0
83,1,9,0,11,0,7.0,3.0,0,0.0,7.66,7.0
84,0,10,0,0,0,3.0,2.0,3,0.0,6.22,6.0
85,1,8,0,0,0,3.0,1.0,4,1.0,6.52,6.0
86,1,7,0,0,0,3.0,3.0,3,1.0,8.61,7.0
87,0,8,0,0,0,2.0,0.0,3,0.0,5.0,5.0
88,1,10,0,0,0,5.0,0.0,3,0.0,6.22,6.0
89,1,12,0,0,0,1.0,0.0,2,1.0,5.48,5.0
90,1,12,0,0,0,2.0,2.0,4,2.0,8.65,7.0
91,1,4,0,0,0,3.0,0.0,2,1.0,4.75,5.0
92,1,1,0,0,0,2.0,0.0,1,0.0,3.96,4.0
93,1,5,0,0,0,3.0,0.0,2,1.0,4.92,5.0
94,1,9,0,0,0,2.0,1.0,2,2.0,6.36,6.0
95,1,8,0,2,0,7.0,0.0,0,0.0,5.12,5.0
96,1,8,0,0,0,3.0,0.0,3,3.0,5.74,5.0
97,1,5,0,0,0,2.0,1.0,3,0.0,5.75,5.0
98,1,8,0,0,0,4.0,0.0,2,1.0,5.57,5.0
99,1,7,0,0,0,2.0,0.0,3,0.0,5.4,5.0
100,1,0,0,8,0,2.0,0.0,4,1.0,5.83,5.0
101,0,7,0,0,2,3.0,0.0,2,0.0,4.81,5.0
102,1,7,0,0,0,0.0,0.0,4,1.0,5.18,5.0
103,1,12,0,0,0,5.0,2.0,4,1.0,6.96,6.0
104,1,0,0,0,0,3.0,0.0,3,1.0,7.39,6.0
105,1,9,0,0,0,4.0,2.0,2,1.0,6.57,6.0
106,1,9,0,11,0,5.0,0.0,3,2.0,7.31,6.0
107,1,9,0,0,0,3.0,3.0,5,1.0,7.18,6.0
108,0,8,0,0,0,4.0,0.0,3,0.0,5.26,5.0
109,0,0,0,3,0,0.0,0.0,2,0.0,3.7,4.0
110,1,11,0,0,0,7.0,0.0,3,1.0,6.0,5.0
111,0,7,0,0,0,4.0,0.0,3,0.0,4.97,5.0
112,1,7,0,0,0,3.0,0.0,3,0.0,5.4,5.0
113,1,10,0,0,0,5.0,0.0,4,1.0,6.09,6.0
114,0,9,0,0,0,3.0,0.0,2,0.0,5.14,5.0
115,1,8,0,7,0,5.0,2.0,3,1.0,7.62,7.0
116,0,0,0,8,0,2.0,0.0,3,0.0,5.0,5.0
117,1,9,0,0,0,4.0,0.0,2,1.0,5.62,5.0
118,1,6,0,6,0,2.0,0.0,3,0.0,6.06,5.0
119,1,6,0,0,0,4.0,0.0,3,0.0,5.31,5.0
120,1,10,0,0,0,2.0,0.0,3,0.0,5.96,5.0
121,1,9,0,0,0,7.0,0.0,3,0.0,10.0,8.0
122,0,7,0,0,0,1.0,0.0,2,0.0,5.14,5.0
123,1,7,1,0,0,6.0,1.0,3,1.0,6.23,6.0
124,1,5,0,3,0,4.0,0.0,2,1.0,5.36,5.0
125,0,10,0,0,0,4.0,0.0,3,0.0,5.35,5.0
126,1,11,0,0,0,2.0,0.0,3,2.0,5.7,5.0
127,1,6,0,0,0,4.0,0.0,2,1.0,6.75,6.0
128,1,2,0,11,0,1.0,2.0,1,1.0,6.38,6.0
129,0,0,0,6,0,3.0,0.0,0,0.0,10.0,8.0
130,1,7,0,0,0,5.0,0.0,4,3.0,5.79,5.0
131,1,5,0,9,0,2.0,0.0,4,1.0,6.97,6.0
132,1,9,0,0,0,5.0,4.0,3,1.0,6.23,6.0
133,1,4,0,0,0,3.0,0.0,3,2.0,4.92,5.0
134,1,12,0,0,0,4.0,3.0,4,3.0,7.39,6.0
135,1,9,0,0,0,5.0,0.0,3,3.0,5.97,5.0
136,1,8,0,0,0,1.0,0.0,4,1.0,5.65,5.0
137,0,8,0,9,0,0.0,0.0,2,0.0,5.92,5.0
138,1,10,0,0,0,2.0,0.0,4,1.0,7.57,6.0
139,0,6,0,0,0,2.0,0.0,2,0.0,6.74,6.0
140,1,7,0,0,0,1.0,0.0,3,0.0,5.23,5.0
141,0,7,0,0,0,2.0,0.0,2,0.0,4.62,4.0
142,0,7,0,7,0,2.0,0.0,3,0.0,6.32,5.0
143,1,0,0,0,0,2.0,0.0,2,1.0,7.22,6.0
144,0,4,0,0,0,0.0,0.0,3,0.0,4.01,4.0
145,1,7,0,0,0,3.0,0.0,1,1.0,4.92,4.0
146,1,4,0,0,0,2.0,0.0,3,0.0,4.88,4.0
147,1,7,0,8,0,3.0,0.0,4,3.0,6.92,6.0
148,1,0,0,4,2,2.0,0.0,5,2.0,5.33,5.0
149,0,12,0,0,0,4.0,0.0,3,0.0,10.0,8.0
150,1,8,0,0,0,2.0,1.0,3,1.0,6.52,6.0
151,1,6,0,0,0,2.0,0.0,2,1.0,5.1,4.0
152,1,7,0,0,0,3.0,0.0,3,0.0,5.4,5.0
153,1,0,0,9,0,3.0,1.0,2,1.0,6.49,6.0
154,1,4,0,2,4,0.0,0.0,3,1.0,4.73,4.0
155,0,0,0,2,0,2.0,0.0,3,0.0,3.99,4.0
156,1,9,0,0,0,4.0,2.0,3,3.0,7.18,6.0
157,0,0,0,6,0,0.0,0.0,0,0.0,3.49,3.0
158,1,7,3,1,0,2.0,0.0,4,0.0,5.86,5.0
159,1,6,0,0,0,3.0,0.0,5,2.0,5.62,5.0
160,1,12,0,0,0,2.0,0.0,3,1.0,5.65,5.0
161,1,0,5,0,0,2.0,0.0,4,0.0,4.61,4.0
162,1,4,0,1,0,3.0,0.0,2,2.0,4.88,4.0
163,0,6,0,0,0,2.0,0.0,3,0.0,5.14,4.0
164,0,11,0,0,0,0.0,0.0,3,0.0,10.0,8.0
165,1,0,0,7,0,3.0,0.0,3,1.0,5.44,4.0
166,1,0,8,0,0,2.0,2.0,2,0.0,7.87,6.0
167,1,12,0,0,0,2.0,7.0,4,3.0,7.65,6.0
168,0,9,0,0,0,2.0,3.0,4,0.0,6.53,5.0
169,0,7,2,2,0,4.0,0.0,2,0.0,5.1,4.0
170,1,10,0,0,0,2.0,3.0,3,1.0,6.87,6.0
171,0,12,0,0,0,0.0,6.0,4,0.0,6.65,5.0
172,1,11,0,0,0,4.0,3.0,4,2.0,7.17,6.0
173,1,6,0,0,0,2.0,0.0,1,1.0,4.75,4.0
174,1,12,0,10,0,5.0,5.0,5,1.0,9.39,8.0
175,1,12,0,0,0,2.0,3.0,8,0.0,8.43,7.0
176,1,11,0,7,0,7.0,3.0,4,0.0,8.36,7.0
177,1,11,0,11,0,5.0,4.0,4,2.0,8.74,7.0
178,0,8,0,7,0,2.0,0.0,4,0.0,7.18,6.0
179,1,7,0,0,0,2.0,0.0,3,1.0,5.44,4.0
180,1,0,0,2,2,0.0,0.0,3,4.0,4.36,4.0
181,1,12,0,0,0,0.0,3.0,6,7.0,7.22,6.0
182,1,11,0,0,0,2.0,3.0,4,3.0,7.3,6.0
183,0,7,0,0,0,1.0,0.0,2,0.0,5.44,4.0
184,1,0,0,2,0,0.0,0.0,4,1.0,7.13,6.0
185,1,0,0,8,0,3.0,3.0,4,1.0,6.87,6.0
186,1,8,0,8,4,4.0,1.0,2,1.0,7.51,6.0
187,0,9,0,8,0,7.0,0.0,3,0.0,7.7,6.0
188,1,12,0,0,0,0.0,3.0,4,3.0,6.7,5.0
189,1,11,0,9,0,6.0,2.0,4,2.0,8.49,7.0
190,1,12,0,0,0,6.0,3.0,2,2.0,6.78,5.0
191,1,7,11,0,0,0.0,5.0,5,7.0,7.18,6.0
192,1,12,0,0,0,2.0,1.0,4,2.0,6.39,5.0
193,0,11,0,10,0,0.0,2.0,4,0.0,7.7,6.0
194,1,10,0,8,0,0.0,1.0,6,1.0,7.83,6.0
195,1,11,0,7,0,0.0,3.0,5,4.0,7.92,6.0
196,1,8,0,0,0,3.0,1.0,2,1.0,6.35,5.0
197,1,8,0,8,0,2.0,3.0,2,1.0,7.91,6.0
198,1,5,0,7,0,4.0,3.0,2,1.0,6.97,6.0
199,1,7,0,7,0,1.0,1.0,2,1.0,6.97,6.0
200,1,8,0,0,0,0.0,7.0,5,5.0,7.3,6.0
201,1,12,0,0,0,0.0,7.0,9,7.0,7.65,6.0
202,0,8,0,0,0,0.0,0.0,1,0.0,4.22,4.0
203,0,9,0,0,0,0.0,3.0,2,0.0,5.75,5.0
204,1,8,0,9,0,4.0,3.0,3,0.0,8.1,6.0
205,1,8,0,0,0,7.0,1.0,3,1.0,6.78,5.0
206,1,9,0,0,0,0.0,0.0,4,1.0,5.53,5.0
207,1,12,0,0,0,6.0,0.0,4,0.0,6.04,5.0
208,1,12,0,0,0,2.0,4.0,4,1.0,7.22,6.0
209,0,5,0,0,0,3.0,0.0,0,0.0,4.57,4.0
210,0,10,11,0,0,5.0,3.0,3,0.0,6.74,5.0
211,1,7,0,7,0,2.0,1.0,2,1.0,7.15,6.0
212,1,11,0,0,0,3.0,3.0,3,0.0,6.83,5.0
213,1,8,0,9,0,6.0,0.0,3,1.0,7.18,6.0
214,1,10,0,0,0,0.0,2.0,9,7.0,7.13,6.0
215,1,6,0,0,0,4.0,0.0,3,1.0,5.36,4.0
216,1,10,0,0,0,2.0,2.0,5,2.0,7.22,6.0
217,1,8,0,5,0,1.0,1.0,4,1.0,10.0,8.0
218,1,10,0,9,0,4.0,1.0,4,0.0,8.18,7.0
219,1,12,0,0,0,5.0,4.0,6,0.0,7.43,6.0
220,1,8,0,0,0,4.0,0.0,3,1.0,5.74,5.0
221,1,5,0,0,0,5.0,0.0,2,0.0,4.97,4.0
222,0,6,0,0,0,3.0,0.0,3,0.0,4.79,4.0
223,1,12,0,0,0,4.0,0.0,4,1.0,6.09,5.0
224,0,10,0,0,0,6.0,0.0,3,0.0,5.43,4.0
225,1,10,0,0,0,5.0,0.0,3,1.0,5.91,5.0
226,1,7,0,4,0,3.0,2.0,4,1.0,7.15,6.0
227,1,11,0,0,0,3.0,3.0,4,2.0,7.09,6.0
228,0,8,0,0,0,0.0,0.0,2,0.0,4.57,4.0
229,1,0,0,9,0,2.0,2.0,2,0.0,6.44,5.0
230,0,8,0,0,0,2.0,0.0,3,0.0,5.17,4.0
231,1,7,0,0,0,1.0,0.0,3,1.0,5.27,4.0
232,1,9,0,0,0,2.0,0.0,3,2.0,5.66,5.0
233,1,12,0,0,0,6.0,4.0,3,1.0,7.13,6.0
234,1,12,0,0,0,1.0,4.0,4,0.0,7.17,6.0
235,1,0,0,9,0,2.0,2.0,4,0.0,6.79,6.0
236,1,7,0,0,0,4.0,0.0,2,1.0,5.27,4.0
237,1,3,0,0,0,1.0,0.0,3,0.0,4.57,4.0
238,1,11,0,0,0,3.0,2.0,2,1.0,6.7,5.0
239,1,11,0,0,0,1.0,3.0,4,3.0,7.17,6.0
240,1,7,5,0,0,3.0,1.0,4,0.0,6.31,5.0
241,1,6,0,0,0,7.0,3.0,2,2.0,6.44,5.0
242,1,11,0,0,0,2.0,3.0,3,1.0,6.87,6.0
243,1,9,0,7,0,2.0,4.0,4,2.0,8.19,7.0
244,1,8,0,8,0,2.0,1.0,1,1.0,7.22,6.0
245,1,9,0,0,0,6.0,2.0,4,2.0,6.97,6.0
246,1,9,0,8,0,3.0,2.0,2,1.0,7.7,6.0
247,1,12,0,0,0,2.0,4.0,3,0.0,7.17,6.0
248,1,8,0,8,8,7.0,7.0,5,5.0,9.29,8.0
249,1,8,0,0,0,3.0,0.0,4,1.0,5.83,5.0
250,1,0,0,10,0,4.0,3.0,4,2.0,7.35,6.0
251,1,9,0,0,0,4.0,2.0,4,1.0,6.92,6.0
252,1,9,0,0,0,2.0,0.0,3,0.0,5.75,5.0
253,1,9,8,10,0,3.0,7.0,4,2.0,9.03,8.0
254,1,0,0,6,0,5.0,0.0,3,1.0,5.36,4.0
255,1,0,0,0,0,5.0,0.0,2,1.0,4.35,3.0
256,1,8,0,0,0,3.0,0.0,4,2.0,5.83,5.0
257,1,9,0,0,0,2.0,0.0,4,0.0,5.92,5.0
258,0,7,0,8,0,2.0,0.0,4,0.0,6.36,5.0
259,1,9,0,9,0,2.0,2.0,3,7.0,8.37,7.0
260,0,8,0,0,0,7.0,0.0,3,0.0,5.35,4.0
261,0,7,0,0,0,7.0,0.0,2,0.0,4.97,4.0
262,1,7,2,0,0,2.0,0.0,1,0.0,4.9,4.0
263,1,9,0,0,0,3.0,0.0,3,3.0,5.92,5.0
264,1,8,0,8,0,4.0,0.0,2,1.0,6.78,6.0
265,1,11,0,0,0,7.0,4.0,7,7.0,8.09,7.0
266,1,9,0,0,0,5.0,5.0,5,2.0,7.83,7.0
267,1,12,11,10,10,7.0,1.0,4,7.0,8.78,7.0
268,1,12,0,2,0,2.0,0.0,4,1.0,6.21,5.0
269,1,9,0,0,0,2.0,3.0,4,1.0,7.18,6.0
270,1,9,0,0,0,1.0,2.0,3,2.0,6.66,5.0
271,1,12,0,0,0,6.0,2.0,4,0.0,6.91,6.0
272,1,8,0,0,0,3.0,0.0,3,1.0,10.0,8.0
273,1,4,0,0,0,4.0,0.0,1,1.0,4.49,4.0
274,1,0,0,6,0,0.0,0.0,2,1.0,4.66,4.0
275,1,8,0,0,0,0.0,0.0,4,1.0,5.39,4.0
276,0,10,0,0,0,3.0,0.0,4,0.0,5.52,4.0
277,1,8,4,0,0,5.0,0.0,3,0.0,5.73,5.0
278,1,11,0,11,0,5.0,3.0,4,2.0,8.74,7.0
279,1,0,0,5,0,1.0,0.0,4,0.0,5.05,4.0
280,1,5,0,0,0,2.0,1.0,2,0.0,5.57,4.0
281,1,12,0,0,0,3.0,0.0,2,1.0,5.65,5.0
282,0,11,0,0,0,2.0,3.0,3,0.0,6.57,5.0
283,0,7,0,0,0,4.0,0.0,3,0.0,5.05,4.0
284,1,7,0,3,0,4.0,0.0,3,1.0,5.79,5.0
285,1,0,0,7,0,2.0,2.0,2,1.0,6.14,5.0
286,1,4,0,5,0,4.0,0.0,3,1.0,5.58,5.0
287,0,6,0,0,0,4.0,0.0,3,0.0,4.88,4.0
288,0,0,0,7,2,2.0,0.0,5,0.0,5.16,4.0
289,1,9,4,0,0,5.0,1.0,4,1.0,6.43,6.0
290,1,4,0,0,0,2.0,0.0,1,1.0,4.4,4.0
291,1,12,0,0,0,7.0,3.0,5,2.0,7.48,6.0
292,1,5,0,0,0,4.0,2.0,2,1.0,5.88,5.0
293,0,10,0,0,0,4.0,5.0,3,0.0,7.0,6.0
294,1,7,0,0,0,3.0,0.0,3,1.0,5.44,5.0
295,0,5,0,2,0,2.0,0.0,0,0.0,3.96,4.0
296,1,10,0,0,0,3.0,0.0,3,6.0,6.0,5.0
297,1,7,0,0,0,2.0,0.0,4,1.0,5.44,5.0
298,0,7,0,0,0,2.0,0.0,3,0.0,4.97,4.0
299,0,7,0,0,0,0.0,0.0,3,0.0,4.53,4.0
300,0,7,0,0,0,0.0,0.0,3,0.0,4.53,4.0
301,1,7,0,0,0,2.0,0.0,4,0.0,5.57,5.0
302,1,10,0,6,0,2.0,2.0,3,1.0,7.53,6.0
303,1,11,0,0,0,2.0,2.0,3,2.0,6.91,6.0
304,1,5,0,0,0,2.0,0.0,3,2.0,4.97,4.0
305,1,10,0,0,0,4.0,3.0,3,1.0,6.87,6.0
306,0,0,0,5,0,2.0,0.0,0,0.0,10.0,8.0
307,0,7,0,0,0,4.0,0.0,2,0.0,4.88,4.0
308,1,4,0,0,0,2.0,0.0,2,0.0,4.7,4.0
309,0,5,0,0,0,2.0,2.0,3,0.0,5.66,5.0
310,1,12,0,0,0,2.0,3.0,4,2.0,7.22,6.0
311,1,0,0,3,0,0.0,0.0,3,1.0,4.35,4.0
312,1,9,0,0,0,4.0,2.0,4,5.0,7.27,6.0
313,1,12,0,0,0,2.0,3.0,5,0.0,7.35,6.0
314,0,11,0,0,0,0.0,2.0,3,0.0,5.78,5.0
315,1,8,0,0,0,5.0,0.0,3,0.0,5.7,5.0
316,1,7,0,0,0,3.0,0.0,2,1.0,5.27,5.0
317,1,3,0,0,0,2.0,1.0,3,1.0,5.65,5.0
318,1,10,0,0,0,4.0,3.0,3,0.0,7.09,6.0
319,0,0,0,3,0,2.0,0.0,0,0.0,3.26,3.0
320,1,3,0,1,0,4.0,0.0,3,2.0,4.96,4.0
321,1,8,0,11,0,2.0,1.0,3,1.0,7.74,7.0
322,1,7,0,0,0,3.0,0.0,2,0.0,5.23,5.0
323,0,8,0,0,0,2.0,1.0,0,0.0,4.83,4.0
324,0,7,0,0,0,2.0,0.0,3,0.0,4.97,4.0
325,1,6,0,0,0,1.0,0.0,4,7.0,5.44,5.0
326,0,6,0,8,0,5.0,0.0,3,0.0,6.1,5.0
327,1,12,0,0,0,5.0,2.0,4,1.0,6.96,6.0
328,1,8,0,8,0,4.0,2.0,4,1.0,8.09,7.0
329,1,10,0,0,0,2.0,2.0,4,0.0,6.65,6.0
330,0,7,0,0,0,1.0,0.0,3,0.0,4.79,4.0
331,0,0,0,7,0,0.0,0.0,3,0.0,4.53,4.0
332,1,11,0,0,0,3.0,0.0,3,0.0,5.78,5.0
333,1,8,0,0,0,5.0,0.0,3,4.0,5.87,5.0
334,1,6,0,0,0,4.0,0.0,3,1.0,5.36,5.0
335,0,0,0,6,0,0.0,0.0,4,0.0,4.53,4.0
336,1,7,0,0,0,3.0,0.0,2,1.0,5.27,5.0
337,0,8,0,0,0,3.0,1.0,3,0.0,5.87,5.0
338,1,8,0,9,0,2.0,0.0,1,0.0,6.44,6.0
339,1,7,0,4,0,4.0,0.0,3,1.0,5.93,5.0
340,0,2,0,0,0,3.0,0.0,0,0.0,3.3,3.0
341,1,8,0,0,0,3.0,1.0,3,1.0,6.35,5.0
342,1,0,0,0,0,4.0,4.0,4,0.0,6.04,5.0
343,0,7,0,0,0,5.0,0.0,3,0.0,5.05,4.0
344,1,9,0,0,0,2.0,0.0,3,1.0,5.79,5.0
345,0,2,0,0,0,2.0,0.0,0,0.0,3.3,3.0
346,1,10,0,0,0,2.0,3.0,3,1.0,7.04,6.0
347,1,7,0,0,0,2.0,0.0,2,1.0,5.27,5.0
348,1,12,0,0,0,2.0,1.0,4,1.0,6.7,6.0
349,1,8,0,8,0,2.0,0.0,3,0.0,6.83,6.0
350,1,0,0,10,0,1.0,4.0,3,0.0,7.0,6.0
351,0,12,0,0,0,1.0,0.0,3,0.0,5.17,5.0
352,0,0,0,0,0,1.0,0.0,2,0.0,3.61,3.0
353,0,7,0,0,0,7.0,0.0,3,0.0,5.23,5.0
354,0,9,0,0,0,2.0,0.0,4,0.0,5.49,5.0
355,0,8,0,0,0,2.0,0.0,2,0.0,5.0,4.0
356,1,8,0,0,0,2.0,0.0,2,1.0,5.48,5.0
357,1,9,0,0,0,2.0,3.0,4,1.0,7.18,6.0
358,1,9,0,0,0,6.0,4.0,3,0.0,7.23,6.0
359,0,4,0,0,0,2.0,0.0,0,0.0,3.57,3.0
360,0,0,0,0,0,2.0,0.0,2,0.0,3.78,3.0
361,0,0,0,7,0,2.0,0.0,3,0.0,4.97,4.0
362,1,7,0,8,0,3.0,0.0,4,1.0,6.83,6.0
363,0,8,0,9,0,3.0,3.0,4,0.0,10.0,8.0
364,0,7,0,0,0,4.0,0.0,3,0.0,5.05,4.0
365,1,8,0,0,0,1.0,1.0,4,1.0,6.0,5.0
366,1,5,0,0,0,0.0,0.0,1,0.0,4.1,4.0
367,0,9,0,0,0,3.0,3.0,4,0.0,6.7,6.0
368,0,7,0,0,0,2.0,0.0,3,0.0,4.97,4.0
369,1,7,0,0,0,3.0,0.0,4,0.0,5.57,5.0
370,1,9,0,7,0,2.0,3.0,3,1.0,7.84,7.0
371,1,0,0,11,0,5.0,1.0,3,1.0,6.78,6.0
372,1,9,0,9,0,1.0,1.0,3,1.0,7.32,6.0
373,1,8,0,0,0,0.0,0.0,2,0.0,5.0,4.0
374,1,6,0,6,0,3.0,0.0,4,0.0,6.23,5.0
375,1,11,0,0,0,0.0,0.0,5,2.0,5.78,5.0
376,1,10,0,0,0,2.0,0.0,3,1.0,5.65,5.0
377,1,11,0,0,0,7.0,4.0,4,1.0,7.57,6.0
378,1,2,0,10,0,6.0,3.0,2,2.0,6.99,6.0
379,1,7,0,7,0,6.0,0.0,3,1.0,6.54,6.0
380,0,4,0,0,0,2.0,0.0,2,0.0,4.27,4.0
381,1,6,0,0,0,2.0,0.0,3,1.0,5.27,5.0
382,1,8,0,0,0,2.0,0.0,2,1.0,5.48,5.0
383,1,9,0,0,0,7.0,0.0,3,2.0,5.97,5.0
384,1,10,0,0,0,3.0,3.0,3,2.0,6.91,6.0
385,1,0,0,0,0,0.0,0.0,4,3.0,4.26,4.0
386,0,10,0,0,0,2.0,0.0,0,0.0,4.3,4.0
387,1,5,0,7,0,1.0,3.0,3,2.0,7.02,6.0
388,1,11,0,0,0,0.0,4.0,6,0.0,6.91,6.0
389,1,11,0,0,0,4.0,2.0,2,1.0,6.78,6.0
390,1,7,0,9,0,5.0,2.0,4,1.0,8.1,7.0
391,0,7,0,0,0,2.0,0.0,4,0.0,5.14,4.0
392,1,11,0,0,0,3.0,3.0,4,2.0,7.09,6.0
393,0,0,0,0,0,5.0,0.0,3,0.0,4.04,4.0
394,0,5,1,6,1,0.0,0.0,5,0.0,5.38,5.0
395,1,9,0,2,0,3.0,0.0,3,1.0,6.0,5.0
396,1,0,0,8,0,3.0,0.0,0,0.0,4.74,4.0
397,1,8,0,0,0,2.0,0.0,2,0.0,5.43,5.0
398,0,9,0,9,0,3.0,0.0,3,0.0,6.67,6.0
399,1,9,0,0,0,2.0,2.0,4,2.0,7.05,6.0
400,0,10,0,0,0,5.0,4.0,3,0.0,6.65,6.0
401,1,0,0,7,0,2.0,1.0,3,2.0,6.31,5.0
402,1,9,0,0,0,3.0,0.0,2,3.0,5.7,5.0
403,1,12,0,0,0,6.0,4.0,4,3.0,7.65,6.0
404,1,0,0,7,0,4.0,0.0,2,0.0,5.23,5.0
405,1,10,0,0,0,2.0,1.0,3,1.0,6.7,6.0
406,1,8,0,0,0,3.0,0.0,3,1.0,5.65,5.0
407,0,8,0,0,0,2.0,0.0,3,0.0,5.17,5.0
408,1,9,0,9,0,6.0,4.0,3,1.0,8.45,7.0
409,1,10,0,0,0,6.0,0.0,4,0.0,6.04,5.0
410,1,7,0,10,0,3.0,3.0,3,1.0,7.88,7.0
411,1,9,0,0,0,4.0,3.0,3,1.0,6.92,6.0
412,1,0,0,9,0,4.0,0.0,3,1.0,5.79,5.0
413,1,6,0,1,0,3.0,1.0,2,1.0,6.05,5.0
414,0,5,0,0,0,0.0,0.0,3,0.0,4.18,4.0
415,0,7,0,8,0,1.0,0.0,1,0.0,5.49,5.0
416,0,3,0,0,0,0.0,0.0,1,0.0,3.35,3.0
417,1,11,0,0,0,3.0,2.0,3,1.0,6.7,6.0
418,0,0,0,8,0,0.0,0.0,4,0.0,10.0,8.0
419,1,8,0,11,0,0.0,4.0,0,0.0,7.09,6.0
420,1,9,0,0,0,3.0,4.0,4,3.0,7.31,6.0
421,0,7,0,0,0,6.0,0.0,0,0.0,4.18,4.0
422,0,7,0,0,0,2.0,0.0,3,0.0,4.97,4.0
423,1,11,0,0,0,3.0,6.0,4,0.0,7.52,6.0
424,0,0,0,0,0,3.0,0.0,3,0.0,3.96,4.0
425,1,0,0,0,0,3.0,0.0,2,1.0,4.26,4.0
426,0,8,0,0,0,7.0,0.0,0,0.0,4.48,4.0
427,0,7,0,0,0,2.0,0.0,3,0.0,4.97,4.0
428,1,7,0,11,0,3.0,3.0,4,3.0,8.36,7.0
429,0,6,0,2,0,0.0,0.0,0,0.0,3.7,3.0
430,1,0,0,6,0,0.0,0.0,3,1.0,4.83,4.0
431,1,6,0,0,0,3.0,0.0,3,1.0,5.27,5.0
432,1,6,0,0,0,2.0,3.0,3,1.0,6.49,6.0
433,0,9,0,0,0,2.0,0.0,1,0.0,4.79,4.0
434,1,8,0,0,0,4.0,0.0,10,1.0,6.09,5.0
435,1,7,0,0,0,7.0,0.0,3,2.0,5.83,5.0
436,1,9,0,6,0,7.0,0.0,4,0.0,6.93,6.0
437,1,7,0,0,0,7.0,0.0,3,1.0,5.62,5.0
438,1,3,0,7,0,2.0,0.0,3,2.0,5.79,5.0
439,1,8,0,7,0,3.0,3.0,1,1.0,7.18,6.0
440,1,7,0,0,0,3.0,0.0,3,1.0,5.44,5.0
441,1,9,0,0,0,0.0,0.0,3,0.0,5.31,5.0
442,1,10,0,0,0,0.0,0.0,3,1.0,5.39,5.0
443,1,11,0,0,0,2.0,4.0,3,0.0,7.0,6.0
444,1,8,0,0,0,4.0,0.0,3,1.0,5.74,5.0
445,0,7,0,9,0,4.0,0.0,2,0.0,6.23,5.0
446,1,2,1,0,0,2.0,0.0,2,1.0,4.48,4.0
447,1,0,0,10,0,0.0,0.0,1,1.0,4.87,4.0
448,0,8,0,8,0,4.0,0.0,3,0.0,6.48,6.0
449,1,10,0,0,0,4.0,2.0,3,1.0,6.96,6.0
450,1,7,0,0,0,2.0,0.0,3,1.0,5.44,5.0
451,1,10,0,0,0,2.0,4.0,2,0.0,6.83,6.0
452,1,0,0,8,0,4.0,0.0,3,1.0,5.74,5.0
453,1,8,0,0,0,5.0,3.0,2,2.0,6.61,5.0
454,1,9,0,0,0,2.0,2.0,4,0.0,8.74,7.0
455,1,0,0,0,0,2.0,0.0,3,1.0,4.78,4.0
456,1,7,0,0,0,4.0,0.0,4,1.0,5.97,5.0
457,1,9,0,7,0,3.0,1.0,3,0.0,8.04,7.0
458,1,2,0,0,0,2.0,0.0,2,1.0,4.82,4.0
459,0,8,0,0,0,1.0,0.0,3,0.0,5.87,5.0
460,1,8,0,8,0,5.0,0.0,3,0.0,6.91,6.0
461,1,11,0,0,0,5.0,2.0,3,1.0,7.04,6.0
462,0,0,0,4,0,2.0,0.0,2,0.0,4.27,3.0
463,1,0,0,0,0,3.0,0.0,4,2.0,4.65,4.0
464,1,10,0,10,0,5.0,2.0,4,1.0,8.52,7.0
465,1,11,0,0,0,1.0,2.0,4,7.0,7.04,6.0
466,1,12,0,0,0,3.0,3.0,4,3.0,7.39,6.0
467,1,10,0,0,0,3.0,3.0,2,2.0,6.7,5.0
468,1,8,0,0,0,3.0,0.0,2,0.0,5.43,4.0
469,1,8,0,0,0,3.0,0.0,2,0.0,5.83,5.0
470,1,10,0,0,0,2.0,0.0,2,1.0,5.65,5.0
471,1,0,5,0,0,3.0,0.0,2,1.0,4.3,3.0
472,0,11,0,5,0,3.0,3.0,4,0.0,7.57,6.0
473,1,8,0,0,0,7.0,0.0,3,1.0,7.74,6.0
474,0,0,0,7,0,0.0,0.0,2,0.0,4.88,4.0
475,1,8,0,0,0,1.0,0.0,3,0.0,7.17,6.0
476,0,4,0,0,0,3.0,0.0,2,0.0,4.62,4.0
477,0,9,0,0,0,5.0,0.0,0,0.0,9.74,8.0
478,0,11,0,0,0,5.0,3.0,5,0.0,7.0,6.0
479,1,9,0,0,0,4.0,0.0,2,1.0,5.62,5.0
480,1,8,0,2,0,4.0,1.0,2,1.0,9.13,8.0
481,1,8,0,5,0,5.0,0.0,2,0.0,6.57,5.0
482,1,9,0,0,0,7.0,1.0,4,0.0,7.75,6.0
483,1,9,0,0,0,5.0,0.0,3,2.0,5.92,5.0
484,1,7,0,0,0,7.0,0.0,4,0.0,5.92,5.0
485,1,12,0,0,0,6.0,2.0,5,5.0,7.3,6.0
486,1,9,0,0,0,2.0,0.0,3,0.0,6.49,5.0
487,1,8,0,0,0,2.0,0.0,0,1.0,8.09,7.0
488,0,0,0,5,0,3.0,0.0,2,0.0,4.79,4.0
489,0,4,3,3,0,1.0,2.0,3,0.0,7.03,6.0
490,0,0,0,6,0,0.0,0.0,2,0.0,4.7,4.0
491,0,7,0,0,0,2.0,0.0,3,0.0,5.66,5.0
492,1,10,0,0,0,4.0,1.0,4,2.0,6.87,6.0
493,1,11,8,10,7,0.0,1.0,4,6.0,9.04,8.0
494,1,0,2,0,0,3.0,0.0,2,0.0,4.63,4.0
495,0,2,1,0,0,3.0,0.0,3,0.0,4.52,4.0
496,0,6,0,0,0,0.0,0.0,2,0.0,6.3,5.0
497,1,7,0,0,0,3.0,2.0,3,2.0,6.53,5.0
498,1,6,0,0,0,3.0,0.0,2,7.0,5.44,4.0
499,1,7,0,0,0,1.0,0.0,3,3.0,5.36,4.0
500,1,11,0,10,0,0.0,2.0,4,0.0,8.13,7.0
501,1,10,0,0,0,1.0,0.0,3,2.0,7.61,6.0
502,1,8,0,8,0,4.0,1.0,3,1.0,8.17,7.0
503,1,9,0,0,0,4.0,0.0,3,1.0,7.39,6.0
504,1,10,0,8,0,5.0,0.0,3,2.0,8.09,7.0
505,1,7,0,0,0,3.0,0.0,4,1.0,5.97,5.0
506,1,10,0,6,0,3.0,3.0,3,0.0,8.05,7.0
507,0,9,0,0,0,3.0,0.0,3,0.0,5.31,4.0
508,1,9,0,0,0,2.0,3.0,3,2.0,7.57,6.0
509,1,8,0,9,0,2.0,2.0,3,4.0,8.01,7.0
510,1,6,0,7,0,2.0,0.0,3,1.0,6.28,5.0
511,1,12,0,10,0,7.0,5.0,4,0.0,10.0,8.0
512,1,7,0,7,0,3.0,4.0,2,1.0,8.78,7.0
513,0,8,4,0,0,2.0,0.0,4,0.0,7.43,6.0
514,1,6,0,0,0,2.0,0.0,2,3.0,5.18,4.0
515,0,0,0,11,0,4.0,4.0,2,0.0,9.3,8.0
516,1,7,0,0,0,2.0,0.0,3,1.0,7.39,6.0
517,0,8,0,0,0,3.0,0.0,4,0.0,5.35,4.0
518,1,11,0,0,0,2.0,1.0,3,2.0,9.65,8.0
519,1,6,0,0,0,3.0,1.0,3,1.0,5.97,5.0
520,1,3,0,0,0,0.0,0.0,0,0.0,5.04,4.0
521,1,0,0,4,0,2.0,0.0,3,0.0,7.35,6.0
522,1,8,0,0,0,0.0,0.0,5,3.0,7.39,6.0
523,1,8,0,0,0,2.0,0.0,4,0.0,7.7,6.0
524,1,8,0,0,0,7.0,0.0,3,0.0,5.78,5.0
525,0,0,0,6,0,3.0,0.0,2,0.0,4.62,4.0
526,1,8,0,0,0,4.0,1.0,4,0.0,6.91,6.0
527,0,7,0,0,0,5.0,0.0,2,0.0,5.4,4.0
528,1,8,0,0,0,3.0,0.0,2,5.0,6.0,5.0
529,0,5,0,0,0,3.0,2.0,1,0.0,7.43,6.0
530,0,8,0,0,0,2.0,0.0,0,0.0,4.65,4.0
531,1,9,0,0,0,5.0,0.0,2,1.0,5.7,5.0
532,1,0,0,9,0,2.0,0.0,5,4.0,7.87,7.0
533,0,3,0,0,0,3.0,0.0,0,0.0,3.43,3.0
534,1,3,0,9,0,4.0,0.0,3,0.0,6.44,5.0
535,1,8,0,7,0,3.0,2.0,3,0.0,7.49,6.0
536,1,0,0,0,4,2.0,0.0,4,5.0,4.82,4.0
537,1,7,0,0,0,5.0,0.0,3,1.0,5.88,5.0
538,1,12,0,12,0,2.0,3.0,5,7.0,9.04,8.0
539,1,0,0,10,0,4.0,2.0,3,0.0,6.74,6.0
540,1,2,0,2,0,2.0,0.0,2,1.0,4.68,4.0
541,1,8,0,0,0,6.0,3.0,3,0.0,6.74,6.0
542,1,8,0,8,0,7.0,0.0,3,1.0,7.04,6.0
543,1,10,6,7,0,4.0,6.0,4,0.0,8.67,7.0
544,1,8,0,0,0,2.0,1.0,3,1.0,6.35,5.0
545,1,6,0,0,0,3.0,0.0,3,0.0,5.23,5.0
546,1,9,0,9,0,3.0,2.0,3,1.0,8.02,7.0
547,1,12,0,7,0,2.0,7.0,3,7.0,8.57,7.0
548,1,6,0,8,0,1.0,0.0,4,2.0,10.0,8.0
549,1,0,0,7,0,3.0,0.0,0,0.0,4.53,4.0
550,1,0,0,5,0,0.0,0.0,4,1.0,4.83,4.0
551,1,7,0,9,0,4.0,4.0,4,1.0,8.37,7.0
552,1,9,0,7,0,2.0,3.0,3,1.0,7.84,7.0
553,1,0,0,8,0,2.0,0.0,2,1.0,5.48,5.0
554,1,10,0,0,0,4.0,0.0,3,0.0,10.0,8.0
555,1,9,0,7,0,1.0,0.0,5,3.0,7.1,6.0
556,0,7,0,0,0,0.0,0.0,2,0.0,4.36,4.0
557,1,10,0,0,0,1.0,2.0,4,1.0,6.87,6.0
558,1,6,0,7,0,0.0,0.0,4,1.0,6.02,5.0
559,1,0,0,11,0,3.0,4.0,3,3.0,10.0,8.0
560,1,9,0,0,0,7.0,0.0,3,0.0,6.1,5.0
561,1,8,1,9,0,2.0,3.0,3,0.0,7.84,7.0
562,0,7,0,0,0,0.0,0.0,4,0.0,4.7,4.0
563,0,8,0,0,0,0.0,0.0,3,0.0,4.74,4.0
564,1,9,0,7,0,4.0,0.0,3,2.0,6.84,6.0
565,1,7,0,0,0,2.0,0.0,3,1.0,5.44,5.0
566,1,9,0,0,0,2.0,1.0,2,0.0,6.27,5.0
567,1,5,0,8,0,1.0,2.0,4,0.0,7.31,6.0
568,1,7,0,10,0,1.0,0.0,3,0.0,6.62,6.0
569,1,10,0,0,0,3.0,4.0,4,1.0,7.22,6.0
570,0,0,0,9,0,3.0,4.0,4,0.0,6.7,6.0
571,0,7,0,0,0,0.0,0.0,3,0.0,4.53,4.0
572,0,5,0,0,0,0.0,0.0,0,0.0,3.31,3.0
573,1,4,0,9,0,0.0,3.0,4,0.0,7.02,6.0
574,1,9,0,0,0,3.0,1.0,4,3.0,6.92,6.0
575,1,6,2,0,0,2.0,0.0,2,1.0,5.11,4.0
576,1,7,0,0,0,0.0,0.0,1,1.0,4.49,4.0
577,1,10,9,0,0,4.0,4.0,4,1.0,7.56,6.0
578,1,12,0,0,0,3.0,7.0,5,7.0,8.09,7.0
579,0,9,0,0,0,3.0,2.0,0,0.0,5.49,5.0
580,1,9,0,0,0,6.0,0.0,3,0.0,5.83,5.0
581,1,2,0,7,0,5.0,0.0,3,1.0,5.74,5.0
582,1,1,0,0,0,0.0,0.0,1,1.0,3.57,3.0
583,1,10,2,10,0,5.0,2.0,5,7.0,8.89,7.0
584,1,9,0,8,0,3.0,2.0,4,2.0,8.1,7.0
585,0,7,0,0,0,3.0,0.0,3,0.0,4.97,4.0
586,1,6,0,0,0,3.0,0.0,3,0.0,5.23,5.0
587,0,6,0,0,0,2.0,0.0,3,0.0,4.79,4.0
588,1,8,0,0,0,3.0,0.0,3,0.0,5.61,5.0
589,1,7,0,9,0,5.0,0.0,3,0.0,6.84,6.0
590,1,8,0,8,0,2.0,2.0,3,2.0,7.91,7.0
591,1,9,0,0,0,2.0,2.0,2,1.0,6.66,6.0
592,1,8,0,0,0,7.0,0.0,4,0.0,6.04,5.0
593,1,10,0,0,0,2.0,2.0,4,2.0,6.87,6.0
594,1,10,0,0,0,2.0,0.0,2,1.0,5.65,5.0
595,1,0,0,9,0,2.0,4.0,4,4.0,7.31,6.0
596,1,7,0,0,0,5.0,0.0,2,1.0,5.36,5.0
597,1,7,0,0,0,5.0,3.0,2,1.0,6.4,5.0
598,1,8,0,8,0,6.0,2.0,3,1.0,8.0,7.0
599,1,8,0,0,0,0.0,0.0,4,1.0,5.39,5.0
600,1,9,0,9,0,4.0,0.0,3,1.0,7.15,6.0
601,0,6,0,0,0,0.0,0.0,3,0.0,4.36,4.0
602,1,6,0,0,0,1.0,0.0,2,1.0,4.92,4.0
603,0,9,0,0,0,2.0,0.0,4,0.0,5.49,5.0
604,1,0,0,4,4,2.0,0.0,4,3.0,5.26,5.0
605,0,8,0,8,0,6.0,0.0,3,0.0,6.48,6.0
606,0,0,0,6,0,7.0,0.0,2,0.0,4.79,4.0
607,1,10,0,0,0,4.0,2.0,4,3.0,7.22,6.0
608,1,0,0,6,0,2.0,0.0,3,1.0,5.27,5.0
609,1,10,0,0,0,2.0,0.0,3,1.0,5.65,5.0
610,1,0,5,0,0,0.0,0.0,2,0.0,3.83,3.0
611,1,11,0,0,0,3.0,4.0,4,1.0,7.22,6.0
612,0,0,3,0,0,2.0,0.0,2,0.0,3.63,3.0
613,1,11,0,0,0,4.0,4.0,4,3.0,7.52,6.0
614,1,8,0,0,0,3.0,0.0,3,1.0,5.65,5.0
615,1,9,0,0,0,2.0,1.0,4,2.0,6.88,6.0
616,0,9,0,0,0,5.0,2.0,0,0.0,5.4,5.0
617,1,12,0,0,0,2.0,5.0,4,2.0,7.61,6.0
618,1,10,0,7,0,2.0,3.0,3,1.0,7.88,7.0
619,1,9,0,12,0,2.0,3.0,4,6.0,8.57,7.0
620,1,8,0,0,0,4.0,2.0,2,2.0,6.35,5.0
621,1,5,0,0,0,5.0,0.0,4,3.0,5.49,5.0
622,1,9,0,0,0,4.0,0.0,3,0.0,5.75,5.0
623,0,3,0,0,0,4.0,0.0,3,0.0,4.39,4.0
624,0,8,0,0,0,2.0,0.0,2,0.0,5.0,4.0
625,1,3,0,0,0,0.0,0.0,0,0.0,3.43,3.0
626,1,11,0,0,0,2.0,0.0,2,1.0,5.65,5.0
627,1,7,0,0,0,5.0,0.0,2,1.0,5.36,4.0
628,1,9,0,0,0,7.0,3.0,3,1.0,7.01,6.0
629,0,6,0,0,0,2.0,0.0,2,0.0,4.62,4.0
630,1,11,0,0,0,3.0,2.0,2,1.0,6.7,6.0
631,1,7,0,0,0,4.0,2.0,2,1.0,6.4,5.0
632,1,4,0,0,0,0.0,0.0,2,1.0,4.31,3.0
633,1,7,0,1,7,0.0,0.0,1,1.0,4.63,4.0
634,1,6,0,0,0,0.0,0.0,5,3.0,5.27,4.0
635,1,9,0,0,0,7.0,0.0,2,7.0,6.05,5.0
636,1,10,0,0,0,4.0,5.0,4,1.0,7.65,6.0
637,0,5,2,0,0,3.0,0.0,3,0.0,4.63,4.0
638,1,8,0,0,0,4.0,0.0,2,1.0,7.22,6.0
639,0,3,0,0,0,2.0,0.0,3,0.0,4.3,3.0
640,1,11,0,0,0,2.0,2.0,3,2.0,6.91,6.0
641,0,9,0,7,0,4.0,0.0,2,0.0,6.15,5.0
642,1,8,0,0,0,1.0,0.0,2,1.0,5.3,4.0
643,1,0,0,0,0,4.0,0.0,2,0.0,4.22,3.0
644,1,9,0,0,0,7.0,0.0,3,0.0,5.92,5.0
645,1,5,0,0,0,2.0,0.0,3,1.0,4.92,4.0
646,1,9,0,0,0,5.0,0.0,3,0.0,5.83,5.0
647,1,7,0,4,0,2.0,2.0,3,1.0,6.8,6.0
648,1,0,0,8,0,3.0,0.0,2,0.0,5.43,4.0
649,1,8,0,8,0,4.0,0.0,2,1.0,6.78,6.0
650,1,9,0,0,0,2.0,3.0,3,0.0,6.62,6.0
651,1,0,0,9,2,2.0,0.0,5,0.0,6.11,5.0
652,1,7,0,0,0,3.0,0.0,2,1.0,5.27,5.0
653,1,0,0,8,0,2.0,0.0,3,0.0,5.61,5.0
654,1,8,0,0,0,2.0,0.0,2,1.0,5.48,5.0
655,1,9,0,0,0,2.0,1.0,5,2.0,6.88,6.0
656,1,5,0,0,0,2.0,0.0,3,1.0,4.92,4.0
657,1,11,0,0,0,2.0,1.0,3,1.0,6.7,6.0
658,1,6,0,0,0,3.0,0.0,3,1.0,5.27,5.0
659,1,6,0,0,0,3.0,0.0,2,0.0,5.05,4.0
660,1,0,0,8,0,0.0,2.0,2,1.0,6.09,5.0
661,1,12,0,12,0,0.0,4.0,6,2.0,8.57,7.0
662,1,7,0,0,0,2.0,0.0,4,2.0,5.44,5.0
663,1,0,3,12,0,7.0,4.0,3,0.0,7.37,6.0
664,0,8,0,0,0,3.0,0.0,2,0.0,5.0,4.0
665,1,8,0,4,0,7.0,0.0,2,2.0,6.18,5.0
666,0,6,0,0,0,4.0,0.0,0,0.0,3.92,3.0
667,1,8,0,0,0,2.0,0.0,3,0.0,5.61,5.0
668,1,5,0,10,0,3.0,5.0,6,4.0,8.53,7.0
669,1,8,0,8,0,5.0,4.0,3,1.0,8.35,7.0
670,0,0,0,7,0,2.0,0.0,3,0.0,4.97,4.0
671,1,5,0,0,0,3.0,0.0,1,2.0,4.62,4.0
672,0,7,0,0,0,3.0,0.0,3,0.0,4.97,4.0
673,1,8,0,0,0,4.0,0.0,2,1.0,5.57,5.0
674,1,11,0,0,0,6.0,0.0,3,3.0,6.0,5.0
675,0,8,0,7,0,4.0,0.0,2,0.0,6.1,5.0
676,0,8,0,8,0,1.0,0.0,3,0.0,6.22,5.0
677,1,8,0,0,0,2.0,2.0,2,1.0,6.17,5.0
678,1,0,0,7,0,2.0,3.0,5,5.0,7.18,6.0
679,0,3,0,0,0,0.0,0.0,0,0.0,3.0,3.0
680,1,0,0,7,0,2.0,3.0,4,0.0,6.79,6.0
681,1,8,0,0,0,2.0,0.0,2,1.0,5.48,5.0
682,1,7,0,8,0,6.0,0.0,2,0.0,6.62,6.0
683,1,5,0,0,0,2.0,0.0,2,1.0,4.92,4.0
684,0,9,0,0,0,2.0,2.0,3,0.0,6.36,5.0
685,1,10,0,0,0,3.0,3.0,4,0.0,7.17,6.0
686,1,9,0,0,0,3.0,0.0,4,2.0,6.01,5.0
687,1,6,0,0,0,2.0,0.0,4,7.0,5.79,5.0
688,1,4,0,1,0,2.0,0.0,2,0.0,4.79,4.0
689,0,10,0,0,0,3.0,0.0,2,0.0,5.17,4.0
690,1,10,0,0,0,5.0,0.0,3,1.0,5.91,5.0
691,0,7,0,7,0,2.0,0.0,4,0.0,6.15,5.0
692,1,8,0,8,0,2.0,1.0,2,1.0,7.39,6.0
693,0,0,0,1,0,0.0,0.0,0,0.0,2.74,3.0
694,1,0,0,3,0,2.0,0.0,3,0.0,4.74,4.0
695,1,9,0,7,0,2.0,2.0,2,1.0,7.67,7.0
696,1,8,0,0,0,4.0,0.0,2,1.0,5.57,5.0
697,1,7,0,7,0,3.0,3.0,3,2.0,7.54,6.0
698,1,0,0,0,4,3.0,2.0,3,3.0,5.6,5.0
699,1,10,0,0,0,5.0,1.0,4,2.0,6.96,6.0
700,0,9,0,0,0,5.0,0.0,2,0.0,5.23,5.0
701,1,0,6,8,0,5.0,0.0,3,1.0,5.79,5.0
702,1,10,0,0,0,3.0,3.0,4,1.0,7.04,6.0
703,1,9,6,0,0,5.0,0.0,4,0.0,6.06,5.0
704,1,0,0,6,0,0.0,0.0,3,1.0,4.83,4.0
705,1,12,0,0,0,2.0,5.0,5,5.0,7.91,7.0
706,1,0,0,0,0,0.0,0.0,3,0.0,7.65,6.0
707,1,12,0,0,0,0.0,7.0,7,6.0,7.48,6.0
708,1,7,0,0,0,3.0,0.0,3,1.0,5.44,5.0
709,0,0,0,10,0,0.0,0.0,0,0.0,4.04,4.0
710,1,10,0,0,0,7.0,0.0,3,1.0,6.0,5.0
711,1,9,0,0,0,2.0,0.0,1,0.0,5.23,5.0
712,1,7,0,7,0,3.0,0.0,3,1.0,6.45,5.0
713,0,1,0,7,0,2.0,0.0,1,0.0,6.39,5.0
714,1,8,0,0,0,3.0,2.0,3,1.0,6.52,6.0
715,1,7,0,0,0,3.0,0.0,1,1.0,4.92,4.0
716,1,9,0,0,0,1.0,0.0,2,2.0,5.49,5.0
717,1,12,0,0,0,2.0,3.0,4,2.0,7.09,6.0
718,1,8,4,0,0,2.0,2.0,4,1.0,6.73,6.0
719,1,9,0,0,0,3.0,1.0,3,2.0,6.66,6.0
720,1,6,0,0,0,2.0,0.0,3,0.0,10.0,8.0
721,1,8,0,7,0,2.0,0.0,2,1.0,6.49,5.0
722,0,6,0,8,0,7.0,1.0,3,0.0,6.88,6.0
723,0,9,0,0,0,0.0,3.0,2,0.0,5.92,5.0
724,1,9,0,0,0,4.0,0.0,2,2.0,5.66,5.0
725,1,6,0,0,0,2.0,0.0,3,1.0,5.1,4.0
726,1,4,0,0,0,2.0,0.0,2,0.0,7.17,6.0
727,1,0,0,6,0,2.0,0.0,2,0.0,5.05,4.0
728,0,0,0,10,0,0.0,0.0,4,0.0,5.09,4.0
729,1,9,0,0,0,5.0,3.0,3,0.0,6.88,6.0
730,1,7,0,0,0,2.0,1.0,2,0.0,5.92,5.0
731,0,5,0,4,0,6.0,0.0,2,0.0,5.02,4.0
732,0,8,0,0,0,5.0,0.0,3,0.0,5.52,5.0
733,1,7,0,0,0,2.0,0.0,2,1.0,5.27,5.0
734,0,8,0,0,0,0.0,0.0,4,0.0,4.91,4.0
735,0,7,0,0,0,2.0,0.0,3,0.0,4.79,4.0
736,1,6,0,0,0,2.0,0.0,1,1.0,4.75,4.0
737,1,12,10,11,0,7.0,7.0,5,4.0,9.52,8.0
738,1,9,0,0,0,2.0,0.0,2,1.0,5.62,5.0
739,0,0,0,7,0,5.0,0.0,3,0.0,7.0,6.0
740,1,7,0,0,0,2.0,1.0,3,2.0,6.31,5.0
741,1,11,0,11,0,2.0,2.0,4,2.0,8.43,7.0
742,1,11,0,0,0,2.0,3.0,4,0.0,7.0,6.0
743,1,7,0,0,0,7.0,0.0,3,0.0,5.57,5.0
744,1,8,2,0,0,2.0,0.0,2,1.0,5.5,5.0
745,1,9,0,0,0,2.0,1.0,3,0.0,10.0,8.0
746,1,6,0,0,0,2.0,0.0,3,1.0,5.27,5.0
747,1,0,0,7,0,3.0,2.0,3,0.0,6.27,5.0
748,1,10,0,0,0,2.0,2.0,4,7.0,7.39,6.0
749,0,6,0,0,0,2.0,0.0,1,0.0,10.0,8.0
750,0,9,0,0,0,4.0,2.0,4,0.0,6.62,6.0
751,0,8,0,6,0,2.0,3.0,2,0.0,7.05,6.0
752,1,8,0,8,0,7.0,4.0,3,0.0,8.39,7.0
753,1,9,0,0,0,6.0,0.0,2,1.0,5.7,5.0
754,1,11,0,0,0,6.0,2.0,3,1.0,6.78,6.0
755,0,7,0,0,0,2.0,0.0,3,0.0,4.97,4.0
756,1,11,0,0,0,3.0,4.0,3,2.0,10.0,8.0
757,1,8,0,6,0,2.0,2.0,4,1.0,10.0,8.0
758,1,10,8,0,0,0.0,4.0,4,2.0,6.85,6.0
759,0,0,0,7,7,2.0,0.0,3,0.0,5.37,5.0
760,1,6,2,2,0,3.0,0.0,3,2.0,5.54,5.0
761,1,0,0,5,0,4.0,0.0,3,1.0,5.18,5.0
762,1,8,0,0,0,4.0,0.0,3,1.0,5.65,5.0
763,1,6,0,0,0,2.0,0.0,0,0.0,5.97,5.0
764,1,6,0,0,0,4.0,0.0,3,1.0,5.36,5.0
765,1,8,0,0,0,2.0,0.0,3,1.0,7.22,6.0
766,0,8,0,0,0,2.0,0.0,4,0.0,5.35,5.0
767,1,8,0,0,0,4.0,0.0,3,1.0,5.65,5.0
768,1,2,0,0,0,2.0,0.0,2,1.0,10.0,8.0
769,1,2,0,0,0,3.0,0.0,1,1.0,4.12,4.0
770,1,7,0,0,0,1.0,0.0,2,0.0,5.05,4.0
771,1,12,0,0,10,5.0,0.0,3,3.0,6.35,5.0
772,1,7,0,7,0,7.0,4.0,4,0.0,7.97,7.0
773,1,0,0,0,0,2.0,0.0,3,0.0,4.22,4.0
774,1,8,0,0,0,2.0,0.0,2,1.0,5.3,5.0
775,0,7,0,0,0,5.0,0.0,3,0.0,5.4,5.0
776,0,4,0,2,0,0.0,0.0,0,0.0,4.13,4.0
777,1,7,0,0,0,0.0,0.0,0,0.0,4.88,4.0
778,1,8,0,9,0,2.0,2.0,3,0.0,8.36,7.0
779,1,11,0,0,0,5.0,3.0,4,4.0,7.26,6.0
780,1,9,0,0,0,5.0,3.0,4,6.0,7.44,6.0
781,1,6,0,2,0,3.0,1.0,3,1.0,6.35,5.0
782,1,2,0,0,0,0.0,0.0,2,1.0,4.9,4.0
783,1,0,0,0,0,4.0,1.0,2,1.0,5.04,4.0
784,1,7,0,0,0,5.0,0.0,2,1.0,5.36,5.0
785,1,10,0,9,0,5.0,0.0,3,0.0,7.23,6.0
786,0,8,0,0,0,6.0,0.0,3,0.0,5.26,5.0
787,0,7,0,0,0,2.0,0.0,0,0.0,10.0,8.0
788,1,8,0,8,0,5.0,4.0,3,7.0,8.7,7.0
789,1,4,2,0,0,2.0,0.0,4,1.0,5.11,4.0
790,0,7,0,0,0,0.0,0.0,2,0.0,4.36,4.0
791,1,7,0,0,0,5.0,0.0,2,0.0,10.0,8.0
792,1,5,0,0,0,1.0,0.0,2,1.0,4.75,4.0
793,1,6,0,0,0,6.0,0.0,2,1.0,5.18,5.0
794,1,7,0,0,0,4.0,1.0,3,1.0,5.88,5.0
795,0,11,0,0,0,4.0,0.0,3,0.0,10.0,8.0
796,1,11,0,0,0,4.0,3.0,2,1.0,6.7,6.0
797,1,12,0,0,0,2.0,2.0,3,2.0,6.7,6.0
798,1,9,0,0,0,5.0,2.0,3,1.0,6.75,6.0
799,0,7,0,0,0,1.0,0.0,0,0.0,7.09,6.0
800,1,10,0,0,0,7.0,0.0,4,0.0,7.7,7.0
801,1,9,5,9,5,4.0,2.0,3,1.0,8.28,7.0
802,0,0,0,4,0,4.0,0.0,3,0.0,4.88,4.0
803,1,8,0,0,0,5.0,0.0,2,1.0,5.57,5.0
804,1,7,0,0,0,2.0,0.0,2,1.0,10.0,8.0
805,1,10,0,0,0,3.0,2.0,4,2.0,7.09,6.0
806,1,4,2,0,2,2.0,0.0,3,1.0,4.96,4.0
807,1,0,0,8,0,1.0,0.0,2,0.0,10.0,8.0
808,1,12,0,12,0,7.0,0.0,5,0.0,7.78,7.0
809,1,3,0,0,0,2.0,0.0,2,1.0,4.61,4.0
810,1,9,0,11,0,3.0,3.0,3,2.0,8.27,7.0
811,1,9,0,0,0,2.0,0.0,3,2.0,5.66,5.0
812,0,9,0,0,0,5.0,0.0,4,0.0,5.57,5.0
813,1,12,0,0,0,2.0,4.0,5,1.0,7.39,6.0
814,0,9,0,0,0,4.0,0.0,4,0.0,5.49,5.0
815,1,11,0,0,0,7.0,3.0,5,2.0,7.61,6.0
816,1,6,0,2,0,2.0,0.0,3,2.0,5.83,5.0
817,0,12,4,0,0,3.0,0.0,3,0.0,6.91,6.0
818,1,0,8,0,0,6.0,0.0,4,1.0,4.85,4.0
819,1,11,0,0,0,5.0,2.0,4,0.0,6.91,6.0
820,1,7,0,0,0,0.0,0.0,2,1.0,4.83,4.0
821,1,10,0,0,0,0.0,0.0,0,0.0,7.65,6.0
822,0,6,0,0,0,3.0,0.0,4,0.0,4.97,4.0
823,1,7,0,0,0,2.0,0.0,3,1.0,5.44,5.0
824,0,8,0,9,0,3.0,3.0,3,0.0,8.4,7.0
825,1,9,0,0,0,2.0,0.0,4,1.0,5.97,5.0
826,1,1,0,8,0,2.0,0.0,3,0.0,5.52,5.0
827,1,11,0,0,0,4.0,2.0,3,1.0,6.78,6.0
828,0,0,0,4,0,0.0,0.0,0,0.0,10.0,8.0
829,1,8,0,0,0,4.0,0.0,3,1.0,5.74,5.0
830,1,12,0,1,0,3.0,0.0,3,0.0,5.87,5.0
831,1,7,0,5,0,2.0,3.0,3,0.0,7.28,6.0
832,1,10,0,0,0,2.0,3.0,4,1.0,7.04,6.0
833,0,6,0,0,0,3.0,0.0,1,0.0,4.27,4.0
834,1,12,0,8,0,2.0,3.0,2,1.0,7.91,7.0
835,0,1,0,8,0,3.0,0.0,2,0.0,6.65,6.0
836,0,6,0,0,0,2.0,0.0,3,0.0,4.79,4.0
837,1,5,0,0,0,0.0,0.0,3,1.0,6.96,6.0
838,1,11,0,0,0,2.0,4.0,4,2.0,7.39,6.0
839,1,11,0,0,0,4.0,3.0,4,0.0,7.57,6.0
840,1,6,0,1,0,2.0,0.0,3,0.0,5.31,5.0
841,0,7,0,0,0,2.0,0.0,0,0.0,4.1,4.0
842,1,9,0,0,0,4.0,0.0,3,2.0,7.79,7.0
843,1,9,0,0,0,2.0,0.0,3,1.0,5.79,5.0
844,1,11,0,11,0,2.0,4.0,4,2.0,8.43,7.0
845,0,9,0,0,0,5.0,0.0,3,0.0,10.0,8.0
846,1,10,0,0,0,2.0,0.0,3,2.0,5.83,5.0
847,1,8,0,7,0,2.0,0.0,2,1.0,6.31,5.0
848,1,5,0,7,0,2.0,0.0,2,0.0,6.28,5.0
849,1,10,0,0,0,3.0,0.0,3,3.0,5.91,5.0
850,1,4,0,0,0,3.0,0.0,3,1.0,4.92,4.0
851,1,8,0,0,0,2.0,0.0,3,2.0,5.7,5.0
852,0,5,0,0,0,2.0,0.0,4,0.0,4.79,4.0
853,1,9,0,9,0,2.0,0.0,2,2.0,6.97,6.0
854,0,8,0,7,0,4.0,0.0,3,0.0,6.27,6.0
855,1,8,0,0,0,3.0,0.0,3,1.0,5.65,5.0
856,0,8,0,5,0,2.0,0.0,3,0.0,5.83,5.0
857,0,0,0,3,0,0.0,0.0,1,0.0,3.35,3.0
858,1,8,0,0,0,5.0,0.0,2,1.0,5.57,5.0
859,0,8,0,0,0,3.0,0.0,3,0.0,5.17,5.0
860,1,9,0,0,0,7.0,2.0,3,1.0,7.01,6.0
861,1,11,0,0,0,1.0,0.0,3,0.0,5.61,5.0
862,0,7,0,0,0,1.0,0.0,0,0.0,3.92,4.0
863,1,4,0,7,0,3.0,0.0,1,1.0,5.41,5.0
864,1,7,0,7,0,3.0,0.0,3,1.0,6.45,6.0
865,1,2,0,0,0,2.0,0.0,2,0.0,4.25,4.0
866,1,9,0,11,0,2.0,3.0,3,1.0,8.23,7.0
867,1,7,0,0,0,4.0,0.0,2,1.0,5.36,5.0
868,1,7,0,0,0,2.0,0.0,2,1.0,5.27,5.0
869,1,7,0,3,0,5.0,0.0,2,2.0,5.75,5.0
870,1,8,0,0,0,5.0,0.0,3,0.0,5.7,5.0
871,0,0,0,4,0,5.0,0.0,2,0.0,4.36,4.0
872,1,0,0,8,0,0.0,0.0,4,7.0,5.74,5.0
873,1,7,0,0,0,2.0,0.0,2,1.0,5.27,5.0
874,1,3,0,0,0,1.0,0.0,3,1.0,4.61,4.0
875,1,5,2,0,0,3.0,0.0,1,1.0,4.59,4.0
876,1,2,0,2,0,1.0,0.0,2,1.0,4.5,4.0
877,1,7,0,0,0,3.0,0.0,2,1.0,5.27,5.0
878,1,6,0,0,0,0.0,0.0,2,1.0,4.66,4.0
879,1,6,0,0,0,2.0,0.0,3,1.0,5.62,5.0
880,0,0,0,0,0,2.0,0.0,2,0.0,3.61,4.0
881,0,0,0,1,0,7.0,0.0,2,0.0,4.13,4.0
882,1,7,0,0,0,2.0,0.0,2,1.0,5.27,5.0
883,1,6,0,0,0,2.0,0.0,2,1.0,4.92,5.0
884,1,8,2,1,0,1.0,0.0,1,1.0,5.06,5.0
885,1,7,0,0,0,2.0,2.0,3,1.0,6.31,6.0
886,0,7,0,0,0,0.0,0.0,0,0.0,3.66,4.0
887,1,12,0,11,0,7.0,2.0,0,7.0,7.91,7.0
888,1,6,0,0,0,0.0,0.0,1,0.0,4.27,4.0
889,1,8,0,7,0,2.0,2.0,2,1.0,7.18,6.0
890,1,7,0,0,0,4.0,0.0,3,0.0,10.0,8.0
891,1,9,0,0,0,6.0,0.0,3,1.0,5.88,5.0
892,1,7,0,0,0,2.0,0.0,2,0.0,5.05,5.0
893,1,8,0,0,0,0.0,0.0,0,0.0,4.3,4.0
894,1,8,0,6,0,2.0,2.0,3,1.0,7.36,6.0
895,1,11,0,0,0,5.0,3.0,4,0.0,7.26,6.0
896,1,0,0,8,0,2.0,3.0,1,2.0,6.22,6.0
897,1,5,2,8,0,4.0,1.0,2,1.0,6.94,6.0
898,0,6,0,0,0,7.0,0.0,0,0.0,4.1,4.0
899,1,8,0,0,0,2.0,0.0,2,1.0,5.48,5.0
900,1,7,0,6,0,2.0,0.0,2,1.0,6.1,5.0
901,1,2,0,0,0,0.0,0.0,3,2.0,4.21,4.0
902,1,8,0,0,0,1.0,0.0,2,1.0,5.3,5.0
903,0,9,0,0,0,4.0,0.0,4,0.0,5.57,5.0
904,1,10,0,10,0,5.0,3.0,4,2.0,8.74,8.0
905,1,7,0,0,0,4.0,0.0,2,1.0,5.27,5.0
906,1,7,0,0,0,2.0,0.0,2,1.0,5.1,5.0
907,1,8,0,0,0,2.0,0.0,2,1.0,5.48,5.0
908,0,5,0,0,0,0.0,0.0,0,0.0,3.31,3.0
909,1,8,0,0,0,7.0,0.0,3,0.0,5.96,5.0
910,1,9,0,9,0,0.0,1.0,2,4.0,7.37,6.0
911,1,8,0,0,0,1.0,0.0,3,0.0,5.43,5.0
912,1,6,0,0,0,2.0,0.0,2,1.0,5.1,5.0
913,1,0,0,4,0,0.0,0.0,2,1.0,4.31,4.0
914,0,4,0,5,0,2.0,3.0,4,0.0,6.32,6.0
915,1,5,0,0,0,2.0,0.0,2,1.0,4.75,4.0
916,1,12,0,0,0,1.0,2.0,3,2.0,6.57,6.0
917,0,7,0,0,0,2.0,0.0,0,0.0,4.1,4.0
918,1,10,0,0,0,6.0,0.0,0,0.0,5.0,4.0
919,1,5,0,0,0,5.0,0.0,3,0.0,5.14,4.0
920,1,3,2,0,0,0.0,0.0,1,1.0,3.84,3.0
921,0,10,0,0,0,6.0,0.0,3,0.0,6.26,5.0
922,0,9,0,0,0,3.0,2.0,2,0.0,6.18,5.0
923,1,7,0,0,0,4.0,0.0,4,1.0,5.7,5.0
924,1,11,0,0,0,2.0,2.0,0,0.0,7.7,7.0
925,1,2,0,0,0,2.0,0.0,2,1.0,4.47,4.0
926,1,6,0,6,0,3.0,0.0,2,1.0,6.28,5.0
927,1,10,0,0,0,4.0,0.0,3,1.0,5.91,5.0
928,1,9,0,0,0,2.0,1.0,2,1.0,6.49,6.0
929,0,0,0,0,0,3.0,0.0,2,0.0,3.78,3.0
930,1,9,0,0,0,3.0,0.0,4,2.0,6.01,5.0
931,1,7,0,0,0,3.0,1.0,4,0.0,6.44,6.0
932,1,8,0,7,0,2.0,0.0,2,1.0,6.49,6.0
933,0,7,0,0,0,4.0,0.0,4,0.0,5.14,4.0
934,1,7,0,0,0,3.0,0.0,3,6.0,5.62,5.0
935,0,6,0,0,0,2.0,0.0,3,0.0,4.62,4.0
936,1,8,0,8,0,3.0,3.0,4,1.0,8.26,7.0
937,1,6,0,0,0,3.0,0.0,3,2.0,5.31,5.0
938,0,7,0,0,0,3.0,0.0,3,0.0,4.97,4.0
939,1,9,0,0,0,2.0,2.0,9,0.0,7.53,6.0
940,1,6,0,7,0,2.0,0.0,3,1.0,6.28,5.0
941,1,9,0,0,0,2.0,4.0,3,3.0,7.1,6.0
942,0,0,1,0,1,1.0,0.0,0,0.0,3.45,3.0
943,1,8,0,0,0,1.0,0.0,3,0.0,5.43,5.0
944,1,5,0,3,0,2.0,0.0,3,1.0,5.44,5.0
945,0,8,0,0,0,3.0,0.0,3,0.0,5.17,5.0
946,1,0,0,0,2,1.0,1.0,1,1.0,4.1,4.0
947,0,7,0,0,0,3.0,0.0,3,0.0,10.0,8.0
948,0,6,0,0,0,5.0,0.0,0,0.0,4.01,4.0
949,1,9,0,0,0,2.0,2.0,3,7.0,7.18,6.0
950,1,10,0,0,0,2.0,0.0,2,0.0,7.7,7.0
951,1,4,0,0,0,3.0,0.0,4,0.0,5.44,5.0
952,0,7,0,0,0,2.0,0.0,3,0.0,4.97,4.0
953,1,10,0,0,0,3.0,2.0,3,1.0,6.7,6.0
954,0,0,0,2,0,2.0,0.0,3,0.0,4.51,4.0
955,1,2,0,0,0,2.0,0.0,3,1.0,4.99,4.0
956,1,10,0,0,0,5.0,0.0,3,7.0,6.09,5.0
957,0,6,0,0,0,2.0,0.0,4,0.0,4.97,4.0
958,1,8,0,0,0,4.0,2.0,3,2.0,8.48,7.0
959,0,7,4,0,0,3.0,0.0,3,0.0,5.0,4.0
960,1,6,0,9,0,4.0,5.0,4,2.0,8.45,7.0
961,1,5,0,0,0,4.0,0.0,1,5.0,4.75,4.0
962,0,8,0,0,0,3.0,0.0,3,0.0,5.17,5.0
963,1,9,0,0,0,3.0,0.0,2,1.0,5.62,5.0
964,1,4,0,0,0,2.0,0.0,2,0.0,4.53,4.0
965,0,8,0,0,0,0.0,0.0,2,0.0,4.57,4.0
966,0,6,0,0,0,3.0,0.0,2,0.0,4.62,4.0
967,0,9,0,10,0,1.0,3.0,4,0.0,7.92,7.0
968,1,7,0,0,0,2.0,2.0,3,1.0,6.31,5.0
969,0,5,0,0,0,2.0,0.0,4,0.0,4.79,4.0
970,0,0,0,1,0,2.0,0.0,3,0.0,4.04,4.0
971,1,8,0,0,0,0.0,2.0,2,2.0,6.09,6.0
972,0,8,0,0,0,2.0,0.0,3,0.0,5.17,5.0
973,0,9,0,0,0,4.0,0.0,3,0.0,5.66,5.0
974,1,10,0,11,0,1.0,4.0,4,2.0,8.48,7.0
975,0,10,0,9,0,4.0,0.0,4,0.0,6.88,6.0
976,1,7,0,0,0,7.0,0.0,2,0.0,5.49,5.0
977,1,8,0,0,0,3.0,0.0,2,0.0,5.43,5.0
978,0,7,0,0,0,6.0,0.0,1,0.0,4.62,4.0
979,0,0,1,0,1,0.0,0.0,2,0.0,3.37,3.0
980,1,3,0,0,0,2.0,2.0,5,2.0,8.65,7.0
981,1,6,0,0,0,0.0,2.0,2,1.0,5.53,5.0
982,1,9,0,0,0,3.0,0.0,3,0.0,5.75,5.0
983,1,8,0,0,0,4.0,0.0,4,0.0,5.87,5.0
984,1,8,0,0,0,7.0,0.0,3,0.0,5.96,5.0
985,0,7,0,0,0,1.0,0.0,2,0.0,4.62,4.0
986,0,6,0,10,0,3.0,1.0,2,0.0,10.0,8.0
987,1,9,0,6,0,2.0,2.0,2,1.0,7.15,6.0
988,0,9,0,0,0,2.0,0.0,3,0.0,5.14,5.0
989,1,9,0,0,0,3.0,0.0,2,1.0,5.62,5.0
990,1,1,2,9,0,3.0,0.0,3,1.0,6.24,6.0
991,1,0,0,0,0,2.0,0.0,3,1.0,4.43,4.0
992,1,11,0,0,0,2.0,3.0,4,1.0,7.04,6.0
993,0,3,0,0,0,2.0,0.0,2,0.0,6.52,6.0
994,0,3,0,0,0,2.0,0.0,3,0.0,4.3,4.0
995,1,9,0,3,0,4.0,2.0,0,0.0,6.18,6.0
996,1,4,2,7,1,0.0,0.0,1,0.0,4.96,5.0
997,1,12,0,0,0,2.0,0.0,2,1.0,5.65,5.0
998,1,6,0,0,0,7.0,0.0,3,0.0,5.4,5.0
999,1,0,0,0,0,4.0,3.0,4,1.0,5.91,5.0
1000,1,10,0,0,0,4.0,0.0,2,1.0,5.74,5.0
1001,1,10,0,2,0,5.0,3.0,3,1.0,7.34,6.0
1002,1,10,0,0,0,3.0,0.0,4,7.0,6.35,6.0
1003,1,9,0,0,0,3.0,0.0,2,1.0,5.62,5.0
1004,1,11,0,0,0,3.0,2.0,4,0.0,7.0,6.0
1005,0,8,0,0,0,0.0,0.0,3,0.0,4.74,5.0
1006,1,0,7,0,0,4.0,0.0,2,0.0,4.28,4.0
1007,1,10,0,0,0,4.0,2.0,3,2.0,6.96,6.0
1008,1,7,0,0,0,4.0,0.0,4,1.0,7.36,6.0
1009,1,5,1,0,0,2.0,0.0,2,1.0,6.32,6.0
1010,1,7,0,10,0,1.0,4.0,4,1.0,8.23,7.0
1011,1,6,0,0,0,6.0,0.0,0,0.0,10.0,8.0
1012,1,2,0,0,0,2.0,0.0,0,0.0,10.0,8.0
1013,1,7,0,7,0,4.0,4.0,4,2.0,8.06,7.0
1014,1,2,0,8,0,2.0,3.0,3,1.0,6.9,6.0
1015,1,7,0,0,0,4.0,0.0,3,0.0,5.4,5.0
1016,1,9,0,0,0,4.0,0.0,2,1.0,5.62,5.0
1017,1,7,0,0,0,2.0,0.0,1,1.0,4.92,5.0
1018,0,8,0,0,0,2.0,0.0,3,0.0,5.0,5.0
1019,1,2,0,0,0,2.0,0.0,2,1.0,4.47,4.0
1020,1,7,0,0,0,2.0,0.0,1,0.0,4.88,5.0
1021,1,7,0,7,0,3.0,0.0,3,1.0,6.8,6.0
1022,0,7,0,8,0,4.0,0.0,2,0.0,6.01,5.0
1023,1,4,0,0,0,0.0,0.0,2,1.0,4.31,4.0
1024,1,7,0,0,0,0.0,0.0,4,1.0,5.18,5.0
1025,0,9,0,0,0,4.0,0.0,3,0.0,5.4,5.0
1026,0,9,0,0,6,4.0,1.0,3,0.0,7.02,6.0
1027,1,8,0,0,0,2.0,0.0,3,1.0,5.65,5.0
1028,1,0,0,8,0,3.0,0.0,3,1.0,5.65,5.0
1029,1,7,0,0,0,7.0,0.0,2,1.0,5.53,5.0
1030,0,8,0,5,0,2.0,0.0,2,0.0,5.66,5.0
1031,1,0,0,0,0,3.0,0.0,3,1.0,4.43,4.0
1032,1,7,0,0,0,4.0,0.0,3,0.0,5.49,5.0
1033,1,6,0,0,0,2.0,0.0,3,1.0,5.27,5.0
1034,1,4,0,0,0,7.0,0.0,3,1.0,5.27,5.0
1035,1,10,0,0,0,2.0,0.0,3,0.0,5.78,5.0
1036,1,7,2,0,0,2.0,0.0,3,0.0,5.42,5.0
1037,1,6,0,6,0,2.0,0.0,2,0.0,5.89,5.0
1038,1,6,0,7,0,4.0,2.0,3,1.0,7.15,6.0
1039,1,10,0,11,0,2.0,4.0,4,2.0,8.61,7.0
1040,1,9,0,1,0,4.0,0.0,3,1.0,5.88,5.0
1041,1,9,0,8,0,4.0,0.0,3,0.0,7.05,6.0
1042,0,7,0,8,0,5.0,0.0,4,0.0,6.44,5.0
1043,1,8,0,0,0,2.0,0.0,2,1.0,5.48,4.0
1044,1,7,0,1,0,3.0,0.0,2,1.0,6.92,6.0
1045,1,4,1,4,0,2.0,0.0,2,1.0,5.24,4.0
1046,0,0,0,4,0,2.0,0.0,2,0.0,4.1,3.0
1047,1,12,0,12,0,3.0,4.0,3,1.0,8.43,7.0
1048,1,5,0,10,8,0.0,2.0,2,1.0,6.99,6.0
1049,1,11,0,0,0,2.0,0.0,4,3.0,6.09,5.0
1050,1,7,3,4,0,4.0,3.0,2,2.0,6.96,6.0
1051,1,7,0,0,0,4.0,0.0,1,0.0,4.97,4.0
1052,1,8,0,7,0,4.0,0.0,3,1.0,6.66,5.0
1053,1,10,0,8,0,2.0,2.0,2,1.0,7.74,6.0
1054,1,8,0,0,0,2.0,0.0,2,1.0,5.48,4.0
1055,0,8,0,0,0,2.0,0.0,2,0.0,5.0,4.0
1056,1,7,0,0,0,2.0,3.0,4,1.0,6.83,5.0
1057,1,12,0,10,0,7.0,4.0,4,0.0,9.0,7.0
1058,1,9,7,0,0,3.0,2.0,4,1.0,7.07,6.0
1059,1,8,0,0,0,3.0,0.0,3,1.0,5.65,5.0
1060,1,6,0,8,0,2.0,0.0,1,1.0,5.97,5.0
1061,1,6,0,6,0,2.0,0.0,0,0.0,5.19,4.0
1062,1,8,0,7,0,2.0,2.0,2,1.0,7.36,6.0
1063,1,0,0,9,0,2.0,2.0,4,2.0,6.88,6.0
1064,1,6,0,0,0,2.0,0.0,3,1.0,5.27,4.0
1065,1,6,0,8,0,3.0,1.0,1,1.0,6.66,5.0
1066,1,11,0,0,0,3.0,4.0,9,7.0,7.74,6.0
1067,1,2,0,0,1,0.0,0.0,3,0.0,4.17,3.0
1068,1,9,0,8,0,3.0,4.0,3,1.0,8.4,7.0
1069,0,7,0,9,0,1.0,0.0,3,0.0,6.15,5.0
1070,1,12,0,0,0,5.0,3.0,3,2.0,7.0,6.0
1071,1,7,0,4,0,3.0,3.0,3,1.0,7.15,6.0
1072,1,6,6,0,0,2.0,0.0,4,1.0,5.5,4.0
1073,1,9,0,0,0,4.0,0.0,3,0.0,5.75,5.0
1074,1,9,0,0,0,3.0,2.0,2,0.0,6.79,6.0
1075,1,9,0,10,0,0.0,3.0,3,0.0,7.75,6.0
1076,1,9,0,0,0,2.0,2.0,3,2.0,6.7,5.0
1077,0,9,0,0,0,1.0,2.0,3,0.0,6.18,5.0
1078,1,10,0,0,0,6.0,0.0,4,1.0,6.09,5.0
1079,1,9,0,5,0,4.0,6.0,2,1.0,7.93,7.0
1080,1,10,0,0,0,4.0,2.0,4,0.0,8.65,7.0
1081,1,0,0,7,0,4.0,0.0,4,2.0,5.75,5.0
1082,1,9,0,0,0,5.0,0.0,3,1.0,5.88,5.0
1083,0,8,0,0,0,2.0,0.0,0,0.0,4.13,3.0
1084,1,9,0,0,0,2.0,0.0,3,0.0,7.35,6.0
1085,1,9,0,0,0,5.0,0.0,3,0.0,6.1,5.0
1086,0,8,0,8,0,4.0,5.0,3,0.0,7.96,7.0
1087,1,12,0,0,0,3.0,5.0,3,2.0,7.78,6.0
1088,1,0,0,8,0,3.0,0.0,3,0.0,5.61,5.0
1089,1,6,0,1,0,4.0,0.0,2,1.0,5.18,4.0
1090,1,9,0,0,0,2.0,0.0,2,1.0,6.14,5.0
1091,1,11,0,0,0,4.0,2.0,3,1.0,6.96,6.0
1092,0,0,0,9,0,0.0,0.0,2,0.0,4.7,4.0
1093,1,8,0,6,0,4.0,3.0,3,1.0,7.88,7.0
1094,1,5,0,0,0,3.0,0.0,2,1.0,4.92,4.0
1095,1,4,0,2,0,3.0,0.0,3,2.0,5.17,4.0
1096,1,0,0,6,0,3.0,0.0,3,1.0,5.27,4.0
1097,1,4,3,2,0,2.0,2.0,2,7.0,5.85,5.0
1098,1,7,0,0,0,5.0,2.0,3,0.0,6.36,5.0
1099,1,7,0,0,0,3.0,0.0,2,1.0,5.27,4.0
1100,1,8,0,0,0,3.0,0.0,3,1.0,5.65,5.0
1101,1,7,0,0,0,3.0,0.0,2,0.0,5.23,4.0
1102,1,9,0,8,0,0.0,2.0,3,2.0,7.79,6.0
1103,1,0,0,0,0,2.0,0.0,4,2.0,4.78,4.0
1104,1,6,0,0,0,2.0,0.0,2,0.0,5.05,4.0
1105,1,6,0,1,0,2.0,0.0,3,1.0,5.36,4.0
1106,1,8,0,0,0,3.0,1.0,4,1.0,6.7,5.0
1107,1,0,5,0,0,3.0,3.0,2,1.0,8.43,7.0
1108,1,8,0,8,0,6.0,0.0,3,1.0,7.04,6.0
1109,0,7,0,0,0,7.0,0.0,0,0.0,4.36,3.0
1110,1,12,0,0,0,7.0,5.0,3,3.0,7.74,6.0
1111,1,10,0,0,0,4.0,0.0,0,0.0,8.04,7.0
1112,1,10,0,0,0,7.0,4.0,4,2.0,7.61,6.0
1113,1,3,1,0,0,0.0,0.0,0,0.0,3.44,3.0
1114,1,6,0,7,0,5.0,0.0,3,2.0,6.41,5.0
1115,1,8,0,0,0,2.0,0.0,3,0.0,5.43,4.0
1116,0,8,0,0,0,3.0,0.0,2,0.0,5.35,4.0
1117,1,8,8,0,0,3.0,2.0,2,1.0,6.42,5.0
1118,0,1,2,0,1,0.0,0.0,3,0.0,6.83,6.0
1119,1,11,0,0,0,2.0,2.0,3,1.0,6.87,6.0
1120,1,2,0,3,0,1.0,0.0,1,0.0,10.0,8.0
1121,1,10,0,0,0,3.0,0.0,3,1.0,6.17,5.0
1122,0,8,0,0,0,1.0,0.0,2,0.0,4.83,4.0
1123,0,7,0,0,0,1.0,0.0,1,0.0,4.27,3.0
1124,0,1,0,0,0,2.0,0.0,2,0.0,3.87,3.0
1125,1,0,0,5,0,0.0,0.0,3,0.0,4.62,4.0
1126,1,3,0,2,0,4.0,0.0,1,1.0,4.56,4.0
1127,1,10,0,0,0,4.0,3.0,3,2.0,6.91,6.0
1128,1,8,0,0,0,2.0,0.0,2,0.0,5.26,5.0
1129,1,7,0,0,0,0.0,0.0,3,1.0,5.01,4.0
1130,1,7,0,0,0,2.0,3.0,4,0.0,6.97,6.0
1131,1,7,0,0,0,7.0,7.0,3,1.0,7.53,6.0
1132,1,0,0,11,0,0.0,6.0,4,2.0,7.17,6.0
1133,1,7,0,0,0,2.0,0.0,3,5.0,10.0,8.0
1134,1,2,0,2,0,3.0,0.0,3,0.0,7.74,7.0
1135,1,0,0,8,0,2.0,2.0,3,1.0,6.52,6.0
1136,1,7,0,0,0,3.0,0.0,4,1.0,5.62,5.0
1137,1,7,7,7,0,2.0,3.0,3,0.0,7.51,6.0
1138,1,8,0,8,0,4.0,0.0,3,1.0,6.96,6.0
1139,1,7,0,0,0,2.0,0.0,0,1.0,5.79,5.0
1140,1,8,0,0,0,5.0,0.0,2,1.0,5.57,5.0
1141,0,7,0,0,0,3.0,0.0,3,0.0,4.97,4.0
1142,1,12,0,0,0,4.0,4.0,4,7.0,7.74,7.0
1143,1,8,0,0,0,2.0,0.0,3,1.0,5.65,5.0
1144,1,6,0,0,0,2.0,0.0,1,1.0,5.44,5.0
1145,1,7,0,0,0,3.0,1.0,3,2.0,6.18,5.0
1146,1,4,0,0,0,2.0,0.0,2,1.0,4.75,4.0
1147,1,0,0,7,0,6.0,2.0,3,2.0,6.4,5.0
1148,1,5,0,0,0,2.0,0.0,2,0.0,4.88,4.0
1149,1,6,0,0,0,1.0,0.0,2,1.0,4.92,4.0
1150,1,8,0,0,0,2.0,0.0,2,1.0,5.83,5.0
1151,0,9,0,0,0,2.0,0.0,3,0.0,5.31,5.0
1152,1,0,0,9,0,4.0,0.0,3,2.0,5.92,5.0
1153,0,4,0,0,0,2.0,0.0,0,0.0,3.57,3.0
1154,1,0,0,8,0,2.0,0.0,2,0.0,5.43,5.0
1155,1,4,0,9,0,2.0,1.0,4,2.0,7.02,6.0
1156,1,7,0,4,0,5.0,0.0,3,0.0,5.97,5.0
1157,1,9,0,0,0,4.0,0.0,3,2.0,5.88,5.0
1158,1,5,0,0,0,5.0,0.0,3,1.0,5.18,5.0
1159,1,8,0,0,0,2.0,0.0,3,1.0,6.0,5.0
1160,0,6,2,0,0,0.0,2.0,3,0.0,6.24,5.0
1161,0,0,0,3,0,2.0,0.0,0,0.0,3.26,3.0
1162,1,4,0,0,0,2.0,0.0,3,2.0,4.97,4.0
1163,0,7,0,0,0,7.0,0.0,2,0.0,5.57,5.0
1164,1,7,0,0,0,2.0,0.0,4,0.0,5.4,5.0
1165,0,7,0,0,0,1.0,0.0,2,0.0,4.62,4.0
1166,1,7,0,1,0,5.0,0.0,3,1.0,5.62,5.0
1167,1,8,0,0,0,6.0,0.0,3,0.0,5.7,5.0
1168,0,5,0,5,0,2.0,0.0,0,0.0,4.76,4.0
1169,1,11,0,9,0,5.0,3.0,3,0.0,8.66,7.0
1170,1,4,0,0,0,3.0,0.0,2,0.0,4.7,4.0
1171,0,8,0,0,0,3.0,0.0,3,0.0,5.17,5.0
1172,1,9,0,0,0,5.0,0.0,3,3.0,6.23,5.0
1173,0,0,5,12,0,5.0,1.0,5,0.0,7.39,6.0
1174,0,8,0,0,0,3.0,0.0,3,0.0,6.0,5.0
1175,1,7,0,0,0,2.0,0.0,2,0.0,5.62,5.0
1176,0,7,3,0,0,7.0,0.0,3,0.0,5.17,5.0
1177,0,7,0,8,0,3.0,1.0,3,0.0,7.05,6.0
1178,0,10,0,0,0,2.0,3.0,4,0.0,7.39,6.0
1179,0,9,0,0,0,3.0,0.0,3,0.0,5.31,5.0
1180,1,6,0,0,0,3.0,0.0,3,0.0,5.23,5.0
1181,1,11,0,6,0,4.0,0.0,3,1.0,7.01,6.0
1182,1,8,0,0,0,6.0,0.0,2,1.0,5.57,5.0
1183,0,8,0,0,0,4.0,0.0,3,0.0,5.26,5.0
1184,0,9,0,0,0,7.0,1.0,2,0.0,6.18,5.0
1185,1,11,0,11,0,5.0,3.0,4,2.0,8.91,7.0
1186,1,10,0,7,0,3.0,2.0,4,7.0,8.23,7.0
1187,0,0,0,0,0,0.0,0.0,3,0.0,3.52,3.0
1188,0,0,0,2,0,2.0,0.0,3,0.0,5.34,5.0
1189,1,6,0,2,0,0.0,0.0,2,0.0,4.83,4.0
1190,1,8,0,0,0,3.0,0.0,3,0.0,5.61,5.0
1191,1,9,0,0,0,2.0,0.0,3,1.0,5.97,5.0
1192,1,7,0,0,0,1.0,0.0,3,0.0,5.23,5.0
1193,1,8,0,0,0,4.0,1.0,3,7.0,7.04,6.0
1194,0,7,0,0,0,7.0,0.0,1,0.0,4.62,4.0
1195,1,8,0,6,0,6.0,2.0,3,1.0,7.79,7.0
1196,1,4,0,0,0,2.0,0.0,2,1.0,5.1,4.0
1197,0,0,0,6,0,2.0,0.0,3,0.0,5.14,4.0
1198,0,7,0,0,0,3.0,0.0,2,0.0,4.79,4.0
1199,1,8,0,0,0,0.0,1.0,2,2.0,5.96,5.0
1200,1,8,0,5,0,4.0,0.0,4,1.0,6.83,6.0
1201,1,6,0,1,0,2.0,2.0,2,0.0,6.01,5.0
1202,1,11,0,0,0,4.0,2.0,3,0.0,6.91,6.0
1203,1,9,0,0,0,3.0,3.0,3,1.0,6.83,6.0
1204,0,5,0,7,0,0.0,0.0,0,0.0,4.32,4.0
1205,1,9,0,9,0,4.0,0.0,3,0.0,7.19,6.0
1206,1,1,0,7,0,2.0,0.0,1,1.0,5.01,4.0
1207,1,7,0,0,0,2.0,0.0,3,1.0,5.44,5.0
1208,1,7,4,0,0,1.0,0.0,4,0.0,5.43,5.0
1209,1,9,0,0,0,2.0,0.0,3,1.0,5.62,5.0
1210,1,7,0,0,0,4.0,0.0,3,0.0,5.79,5.0
1211,1,0,0,8,0,2.0,0.0,2,1.0,5.48,5.0
1212,1,8,0,10,0,0.0,2.0,4,1.0,7.83,7.0
1213,1,0,8,5,0,3.0,3.0,0,1.0,6.56,6.0
1214,1,2,1,0,0,2.0,0.0,3,1.0,10.0,8.0
1215,0,5,0,0,0,4.0,0.0,3,0.0,5.53,5.0
1216,1,9,0,0,0,2.0,2.0,2,1.0,6.83,6.0
1217,1,11,0,0,0,2.0,3.0,4,2.0,7.09,6.0
1218,1,9,0,0,0,4.0,0.0,3,5.0,5.97,5.0
1219,1,8,0,0,0,5.0,0.0,4,0.0,5.87,5.0
1220,0,8,0,8,0,4.0,0.0,4,0.0,7.74,7.0
1221,1,7,0,0,0,3.0,0.0,2,1.0,7.57,6.0
1222,1,9,0,0,0,2.0,0.0,3,1.0,5.62,5.0
1223,1,10,0,0,0,2.0,2.0,4,0.0,7.0,6.0
1224,1,0,5,0,0,4.0,0.0,2,0.0,4.74,4.0
1225,0,0,0,10,0,3.0,3.0,2,0.0,6.91,6.0
1226,1,9,0,4,0,2.0,3.0,3,0.0,7.63,6.0
1227,1,8,0,0,0,2.0,0.0,4,0.0,7.7,7.0
1228,1,8,0,0,0,4.0,2.0,2,0.0,6.3,5.0
1229,1,8,0,1,0,2.0,0.0,3,1.0,5.74,5.0
1230,0,6,0,0,0,2.0,0.0,1,0.0,4.27,4.0
1231,0,11,0,0,0,4.0,0.0,3,0.0,5.78,5.0
1232,1,0,0,8,0,5.0,0.0,3,7.0,6.09,5.0
1233,0,2,0,1,0,2.0,0.0,3,0.0,4.25,4.0
1234,1,9,0,0,0,0.0,3.0,3,2.0,6.97,6.0
1235,1,8,0,0,0,2.0,0.0,2,1.0,5.3,5.0
1236,0,7,0,6,0,2.0,0.0,2,0.0,5.45,5.0
1237,1,0,0,0,0,2.0,0.0,3,1.0,4.78,4.0
1238,1,7,0,7,0,2.0,0.0,3,0.0,6.76,6.0
1239,1,2,0,7,0,3.0,0.0,3,1.0,7.74,6.0
1240,1,1,0,1,0,2.0,0.0,2,1.0,5.65,5.0
1241,0,7,0,0,0,6.0,0.0,3,0.0,10.0,8.0
1242,1,10,0,0,0,4.0,4.0,3,2.0,9.3,8.0
1243,1,8,0,5,0,5.0,0.0,3,1.0,6.4,5.0
1244,1,7,0,0,0,2.0,0.0,2,1.0,9.65,8.0
1245,1,9,0,0,0,4.0,0.0,3,2.0,5.83,5.0
1246,1,8,0,1,0,2.0,0.0,2,1.0,7.74,6.0
1247,0,7,0,0,0,2.0,0.0,2,0.0,4.79,4.0
1248,1,10,0,10,0,4.0,1.0,3,1.0,8.17,7.0
1249,1,0,2,10,0,2.0,0.0,3,0.0,6.54,5.0
1250,1,2,0,7,0,5.0,0.0,2,1.0,7.65,6.0
1251,1,10,0,0,0,2.0,4.0,0,0.0,9.65,8.0
1252,0,0,0,0,0,0.0,0.0,0,0.0,5.61,5.0
1253,1,11,0,2,0,3.0,3.0,4,0.0,7.38,6.0
1254,1,9,0,0,0,0.0,1.0,3,2.0,6.23,5.0
1255,1,7,0,2,0,0.0,0.0,2,0.0,10.0,8.0
1256,1,9,0,5,0,6.0,0.0,3,0.0,7.83,7.0
1257,1,12,0,0,0,7.0,4.0,4,0.0,9.3,8.0
1258,0,6,0,4,0,3.0,0.0,3,0.0,5.28,4.0
1259,1,7,0,6,0,3.0,0.0,2,1.0,7.22,6.0
1260,1,8,0,0,0,4.0,0.0,2,1.0,7.3,6.0
1261,0,0,0,8,0,2.0,0.0,3,0.0,5.87,5.0
1262,1,11,0,0,0,2.0,4.0,3,1.0,8.61,7.0
1263,1,0,0,10,0,7.0,0.0,4,2.0,10.0,8.0
1264,1,3,0,0,0,1.0,0.0,2,1.0,4.96,4.0
1265,1,0,0,7,0,0.0,1.0,4,0.0,7.96,7.0
1266,1,12,0,0,0,4.0,0.0,3,1.0,5.91,5.0
1267,1,6,0,0,0,4.0,0.0,4,0.0,5.75,5.0
1268,0,8,0,0,0,4.0,0.0,4,0.0,5.43,4.0
1269,1,8,0,0,0,1.0,0.0,3,2.0,7.22,6.0
1270,1,5,0,0,0,3.0,0.0,2,0.0,4.88,4.0
1271,1,9,0,0,0,2.0,0.0,3,1.0,7.39,6.0
1272,0,6,0,0,0,2.0,0.0,2,0.0,5.14,4.0
1273,1,9,0,7,0,4.0,0.0,4,1.0,7.91,7.0
1274,1,8,0,0,0,2.0,0.0,0,1.0,6.0,5.0
1275,1,6,0,0,0,2.0,0.0,3,1.0,5.27,4.0
1276,0,4,0,0,0,2.0,0.0,1,0.0,4.27,3.0
1277,1,2,0,0,0,2.0,0.0,2,0.0,7.17,6.0
1278,1,8,0,0,0,5.0,0.0,3,1.0,5.74,5.0
1279,0,0,0,0,0,2.0,0.0,3,0.0,7.26,6.0
1280,1,4,0,0,0,0.0,0.0,2,1.0,4.31,3.0
1281,0,8,0,0,0,7.0,0.0,5,0.0,5.78,5.0
1282,1,8,0,0,0,2.0,0.0,2,0.0,5.83,5.0
1283,1,10,0,0,0,3.0,0.0,2,3.0,5.74,5.0
1284,1,2,2,0,0,2.0,0.0,3,1.0,7.74,6.0
1285,1,8,0,0,0,3.0,0.0,3,1.0,5.65,5.0
1286,1,8,0,0,0,2.0,0.0,3,0.0,6.0,5.0
1287,0,10,0,0,0,0.0,0.0,4,0.0,6.65,5.0
1288,0,6,0,0,0,0.0,0.0,1,0.0,4.7,4.0
1289,1,6,0,0,0,3.0,0.0,2,1.0,5.1,4.0
1290,0,0,0,0,0,2.0,0.0,3,0.0,3.96,4.0
1291,1,8,0,0,0,3.0,0.0,3,1.0,5.65,5.0
1292,1,0,0,3,0,1.0,0.0,2,1.0,4.43,4.0
1293,1,6,0,0,0,4.0,0.0,3,6.0,5.53,5.0
1294,1,8,0,0,0,2.0,2.0,0,1.0,5.83,5.0
1295,1,4,0,9,0,7.0,0.0,3,0.0,8.71,7.0
1296,1,7,1,2,0,4.0,1.0,2,1.0,6.27,5.0
1297,1,6,2,4,2,3.0,0.0,2,1.0,5.62,5.0
1298,1,8,0,0,0,7.0,0.0,3,1.0,5.83,5.0
1299,0,11,0,0,0,3.0,2.0,4,0.0,6.57,6.0
1300,0,7,0,0,0,0.0,0.0,0,0.0,3.66,3.0
1301,1,9,0,0,0,2.0,0.0,2,1.0,5.62,5.0
1302,0,5,0,0,0,3.0,0.0,3,0.0,4.62,4.0
1303,0,6,0,6,0,0.0,0.0,3,0.0,5.97,5.0
1304,1,9,0,0,0,2.0,0.0,4,1.0,5.97,5.0
1305,0,7,0,0,0,0.0,0.0,4,0.0,4.7,4.0
1306,1,8,0,0,0,4.0,1.0,3,1.0,6.61,6.0
1307,1,9,1,0,0,6.0,0.0,2,0.0,5.67,5.0
1308,0,5,0,0,0,2.0,0.0,2,0.0,4.44,4.0
1309,1,12,0,6,0,1.0,4.0,4,2.0,8.05,7.0
1310,1,7,0,7,0,2.0,0.0,4,2.0,6.67,6.0
1311,0,2,0,0,0,2.0,0.0,2,0.0,3.99,4.0
1312,1,7,0,0,0,2.0,0.0,2,0.0,5.23,5.0
1313,0,4,0,0,0,2.0,0.0,1,0.0,3.75,3.0
1314,1,4,0,11,0,4.0,3.0,4,0.0,7.97,7.0
1315,1,10,0,0,0,2.0,3.0,4,4.0,7.17,6.0
1316,1,6,6,0,0,2.0,0.0,0,2.0,4.5,4.0
1317,1,8,0,0,0,2.0,3.0,4,2.0,6.91,6.0
1318,0,4,0,0,0,2.0,0.0,0,0.0,3.4,3.0
1319,0,3,0,0,0,3.0,0.0,2,0.0,4.13,4.0
1320,0,3,0,0,0,2.0,0.0,3,0.0,4.3,4.0
1321,0,6,0,0,0,3.0,0.0,3,0.0,4.79,4.0
1322,1,0,0,8,0,2.0,3.0,4,1.0,8.61,7.0
1323,1,12,0,0,0,0.0,1.0,4,2.0,6.48,6.0
1324,1,10,0,0,0,3.0,0.0,4,6.0,6.17,5.0
1325,1,10,0,0,0,3.0,3.0,4,4.0,7.35,6.0
1326,0,6,0,7,0,2.0,0.0,0,0.0,4.93,4.0
1327,1,7,0,0,0,0.0,0.0,2,1.0,4.83,4.0
1328,1,7,3,0,0,2.0,0.0,2,1.0,5.3,5.0
1329,0,5,0,0,0,0.0,0.0,3,0.0,10.0,8.0
1330,0,4,0,6,0,1.0,0.0,7,0.0,5.45,5.0
1331,1,6,0,6,0,5.0,3.0,2,1.0,7.06,6.0
1332,1,6,0,0,0,4.0,0.0,3,0.0,5.31,5.0
1333,0,3,0,3,0,7.0,0.0,0,0.0,4.04,4.0
1334,1,0,0,0,0,4.0,0.0,4,1.0,9.65,8.0
1335,1,9,0,8,0,3.0,2.0,3,1.0,7.88,7.0
1336,0,9,0,0,0,5.0,0.0,3,0.0,5.4,5.0
1337,1,7,0,0,0,2.0,2.0,4,1.0,6.49,6.0
1338,1,0,0,7,0,3.0,0.0,4,4.0,5.75,5.0
1339,1,10,0,0,0,2.0,0.0,2,1.0,5.65,5.0
1340,1,11,0,0,0,2.0,2.0,4,1.0,7.04,6.0
1341,0,6,0,0,0,2.0,0.0,0,0.0,3.92,4.0
1342,1,9,0,0,0,2.0,1.0,3,6.0,10.0,8.0
1343,1,6,0,0,0,2.0,1.0,3,1.0,5.97,5.0
1344,1,0,0,5,0,2.0,0.0,2,1.0,5.44,5.0
1345,1,6,0,3,0,6.0,0.0,3,0.0,6.14,5.0
1346,1,6,0,1,0,4.0,0.0,2,1.0,5.27,5.0
1347,1,6,0,6,0,4.0,0.0,4,4.0,6.89,6.0
1348,1,8,0,0,0,2.0,1.0,4,1.0,6.17,5.0
1349,1,9,0,9,0,2.0,3.0,4,1.0,8.54,7.0
1350,0,6,0,0,1,4.0,0.0,0,0.0,4.02,4.0
1351,1,2,0,0,0,2.0,0.0,2,1.0,4.47,4.0
1352,1,12,0,0,0,2.0,4.0,3,0.0,7.0,6.0
1353,1,11,0,0,0,4.0,0.0,4,0.0,6.43,6.0
1354,1,8,0,0,0,2.0,0.0,3,1.0,5.65,5.0
1355,0,3,0,0,0,0.0,0.0,2,0.0,3.7,3.0
1356,0,8,0,0,0,2.0,0.0,3,0.0,5.17,5.0
1357,0,3,0,0,0,0.0,0.0,1,0.0,3.35,3.0
1358,1,10,0,0,0,2.0,3.0,3,1.0,6.87,6.0
1359,0,0,0,0,0,0.0,0.0,3,0.0,6.83,6.0
1360,0,3,0,3,0,2.0,0.0,0,0.0,3.78,3.0
1361,1,7,0,0,0,1.0,0.0,2,1.0,5.1,4.0
1362,1,3,0,6,0,2.0,0.0,2,2.0,5.27,5.0
1363,0,7,0,11,0,3.0,1.0,4,0.0,7.4,6.0
1364,1,4,0,0,0,2.0,1.0,3,2.0,5.66,5.0
1365,1,6,0,0,0,1.0,0.0,1,0.0,4.53,4.0
1366,1,0,0,6,0,2.0,0.0,2,2.0,5.14,4.0
1367,0,9,0,0,0,2.0,0.0,2,0.0,5.14,4.0
1368,0,7,0,0,0,2.0,0.0,2,0.0,4.79,4.0
1369,1,10,0,0,0,4.0,0.0,2,1.0,5.65,5.0
1370,0,5,0,0,0,4.0,0.0,2,0.0,4.53,4.0
1371,1,8,0,0,0,3.0,2.0,4,2.0,6.7,6.0
1372,1,3,0,0,0,1.0,0.0,2,0.0,4.39,4.0
1373,0,5,0,0,0,2.0,0.0,2,0.0,4.27,3.0
1374,0,8,0,0,0,4.0,0.0,2,0.0,5.09,4.0
1375,0,5,0,0,0,7.0,0.0,0,0.0,3.92,3.0
1376,1,9,0,0,0,5.0,0.0,2,2.0,5.75,5.0
1377,1,10,0,2,0,2.0,0.0,2,0.0,5.64,5.0
1378,1,7,0,0,0,3.0,0.0,3,1.0,5.44,4.0
1379,0,6,0,0,0,2.0,0.0,3,0.0,4.79,4.0
1380,1,7,0,0,0,7.0,0.0,2,1.0,5.53,5.0
1381,1,6,0,6,0,3.0,0.0,2,1.0,5.93,5.0
1382,1,0,0,4,0,2.0,2.0,3,2.0,5.97,5.0
1383,1,5,0,0,0,2.0,1.0,2,1.0,5.79,5.0
1384,1,8,0,0,0,2.0,3.0,3,2.0,6.91,6.0
1385,0,7,0,0,0,4.0,0.0,3,0.0,5.05,4.0
1386,0,0,0,8,0,2.0,0.0,3,0.0,5.0,4.0
1387,1,7,0,2,0,2.0,7.0,3,1.0,7.22,6.0
1388,1,6,0,0,0,2.0,0.0,2,0.0,4.88,4.0
1389,1,9,0,0,0,2.0,0.0,3,0.0,5.75,5.0
1390,1,9,0,8,0,3.0,2.0,3,2.0,8.1,7.0
1391,1,8,0,0,0,3.0,0.0,4,3.0,5.91,5.0
1392,1,9,0,0,0,1.0,1.0,3,1.0,5.97,5.0
1393,1,8,0,0,0,3.0,1.0,2,0.0,6.13,5.0
1394,1,9,0,7,0,4.0,4.0,3,4.0,8.15,7.0
1395,1,9,0,9,0,2.0,1.0,3,2.0,8.06,7.0
1396,0,5,0,2,0,2.0,0.0,3,0.0,4.83,4.0
1397,0,9,0,0,0,2.0,0.0,3,0.0,5.14,4.0
1398,1,7,0,7,0,6.0,0.0,4,1.0,6.71,6.0
1399,1,7,0,0,0,2.0,0.0,3,0.0,5.23,4.0
1400,1,8,0,0,0,3.0,0.0,3,0.0,5.61,5.0
1401,0,7,0,7,0,0.0,2.0,0,0.0,5.54,5.0
1402,1,9,0,0,0,3.0,0.0,3,0.0,5.75,5.0
1403,1,12,0,0,0,7.0,3.0,3,0.0,7.0,6.0
1404,1,5,0,0,0,2.0,0.0,2,1.0,4.92,4.0
1405,1,0,0,0,3,4.0,0.0,3,1.0,4.55,4.0
1406,0,7,0,0,0,2.0,0.0,3,0.0,4.97,4.0
1407,1,8,0,0,0,5.0,0.0,3,0.0,5.7,5.0
1408,1,9,0,0,0,4.0,2.0,2,1.0,6.75,6.0
1409,1,0,0,7,0,2.0,2.0,4,2.0,6.36,5.0
1410,1,5,0,0,0,0.0,0.0,0,0.0,3.75,3.0
1411,1,2,0,0,0,2.0,0.0,3,1.0,4.47,4.0
1412,0,7,0,0,0,0.0,0.0,2,0.0,4.36,4.0
1413,1,0,0,8,0,4.0,3.0,3,1.0,6.87,6.0
1414,1,8,2,0,0,5.0,1.0,3,0.0,6.58,6.0
1415,0,3,0,0,0,7.0,0.0,1,0.0,3.96,4.0
1416,0,8,0,0,2,4.0,4.0,2,0.0,6.5,6.0
1417,0,0,0,5,0,0.0,0.0,2,0.0,4.01,4.0
1418,1,8,0,8,0,4.0,5.0,3,7.0,8.87,8.0
1419,0,9,0,0,0,2.0,0.0,3,0.0,5.31,5.0
1420,1,6,0,8,0,2.0,2.0,3,2.0,7.4,6.0
1421,0,9,0,0,0,2.0,1.0,3,0.0,5.83,5.0
1422,1,12,0,0,0,3.0,2.0,4,3.0,7.13,6.0
1423,0,5,0,8,0,5.0,3.0,4,0.0,7.14,6.0
1424,1,0,0,2,0,1.0,0.0,3,0.0,4.43,4.0
1425,1,9,0,0,0,3.0,0.0,3,0.0,5.75,5.0
1426,1,9,0,0,0,3.0,0.0,2,1.0,5.62,5.0
1427,0,11,0,0,0,2.0,2.0,3,0.0,6.04,5.0
1428,1,10,0,0,0,5.0,3.0,3,0.0,6.91,6.0
1429,1,9,0,9,0,4.0,0.0,4,2.0,7.37,6.0
1430,1,2,0,2,0,1.0,0.0,0,4.0,3.94,4.0
1431,0,7,0,9,0,2.0,0.0,3,0.0,6.32,5.0
1432,0,4,0,0,0,2.0,0.0,3,0.0,4.44,4.0
1433,1,0,0,8,0,0.0,0.0,3,1.0,5.22,5.0
1434,0,6,0,1,0,2.0,0.0,1,0.0,4.36,4.0
1435,1,0,0,8,0,0.0,0.0,2,1.0,5.04,4.0
1436,1,7,0,0,0,1.0,0.0,3,1.0,5.27,5.0
1437,0,5,0,0,0,2.0,0.0,2,0.0,4.44,4.0
1438,1,10,0,0,0,2.0,0.0,4,3.0,5.91,5.0
1439,1,5,0,0,0,0.0,0.0,1,0.0,4.1,4.0
1440,1,7,0,0,0,3.0,0.0,1,0.0,4.88,4.0
1441,1,7,0,0,0,1.0,0.0,3,1.0,5.27,5.0
